,Delivery_person_Age,Delivery_person_Ratings,Weather_conditions,Road_traffic_density,Vehicle_condition,Type_of_order,Type_of_vehicle,multiple_deliveries,Festival,City,Time_taken (min),Daytime,order_pick_Time_Difference_Minutes,onground_dist(KM)
0,36,4.2,Fog,Jam,2,Snack,motorcycle,3,No,Metropolitian,46,night,15,12.7
1,21,4.7,Stormy,High,1,Meal,motorcycle,1,No,Metropolitian,23,afternoon,10,8.6
2,34,4.3,Sandstorms,Low,0,Buffet,motorcycle,0,No,Metropolitian,20,morning,10,4.7
3,24,4.7,Fog,Jam,1,Snack,scooter,1,No,Metropolitian,41,evening,15,32.8
4,29,4.5,Sandstorms,Jam,2,Buffet,electric_scooter,1,No,Metropolitian,20,evening,10,21.6
5,35,4,Windy,High,1,Meal,scooter,1,No,Metropolitian,33,afternoon,15,10
6,33,4.2,Sandstorms,Jam,2,Snack,motorcycle,1,No,Metropolitian,40,evening,10,23.8
7,21,4.7,Windy,Jam,0,Meal,motorcycle,1,No,Urban,15,night,15,6.6
8,25,4.1,Sandstorms,Jam,0,Snack,motorcycle,2,No,Metropolitian,36,evening,5,20.8
9,31,4.7,Sandstorms,Low,2,Meal,electric_scooter,0,No,Metropolitian,26,night,15,34.1
10,37,5,Sandstorms,Low,1,Snack,motorcycle,1,No,Metropolitian,20,morning,15,2.9
11,33,4.3,Windy,Jam,2,Meal,scooter,1,No,Metropolitian,39,evening,15,27.4
12,25,4,Cloudy,High,1,Buffet,motorcycle,1,No,Metropolitian,34,afternoon,5,9
13,29,4.5,Sunny,Medium,2,Meal,electric_scooter,1,No,Metropolitian,15,evening,15,25.2
14,27,5,Stormy,Jam,0,Snack,motorcycle,0,No,Urban,18,evening,5,8.5
15,35,4.3,Cloudy,Low,1,Drinks,scooter,0,No,Metropolitian,38,night,10,18.5
16,32,4,Windy,Jam,0,Buffet,motorcycle,1,No,Metropolitian,47,night,15,17.8
17,31,4.8,Sandstorms,Low,2,Drinks,motorcycle,1,No,Metropolitian,26,night,15,7.2
18,36,4.1,Stormy,Low,0,Drinks,motorcycle,1,No,Urban,22,night,5,10.2
19,38,4.9,Cloudy,High,1,Drinks,scooter,1,No,Urban,25,afternoon,5,10.1
20,32,4.6,Cloudy,Low,2,Drinks,scooter,1,No,Metropolitian,30,night,10,26.2
21,20,4.7,Windy,High,1,Snack,scooter,0,No,Urban,10,afternoon,10,8.5
22,35,5,Sunny,Low,2,Snack,scooter,1,No,Urban,11,morning,10,6.4
23,26,4.9,Stormy,Low,2,Buffet,scooter,0,No,Metropolitian,11,morning,15,4.9
24,35,4.3,Cloudy,Medium,1,Snack,motorcycle,1,No,Metropolitian,33,evening,5,18.8
25,37,4.7,Sandstorms,Jam,0,Snack,motorcycle,3,No,Metropolitian,52,evening,5,21.2
26,28,4.6,Stormy,Jam,1,Snack,scooter,1,No,Metropolitian,22,evening,15,33.7
27,23,4.9,Sunny,Jam,2,Drinks,electric_scooter,0,No,Metropolitian,11,night,5,13.2
28,37,4.8,Cloudy,Medium,0,Drinks,motorcycle,1,No,Urban,26,afternoon,10,9.6
29,33,5,Sunny,High,2,Snack,scooter,1,No,Metropolitian,18,morning,10,1.7
30,28,4.8,Sandstorms,Jam,0,Drinks,motorcycle,1,No,Metropolitian,36,evening,10,16.9
31,31,4.7,Cloudy,Low,2,Snack,motorcycle,0,No,Metropolitian,16,night,15,14.3
32,25,4.8,Sandstorms,Low,1,Drinks,scooter,0,No,Urban,18,night,10,24.9
33,30,4.4,Cloudy,Low,2,Drinks,scooter,1,No,Metropolitian,34,night,15,14.5
34,33,5,Sandstorms,Low,0,Buffet,motorcycle,0,No,Urban,24,night,5,35.9
35,21,4.8,Sandstorms,Low,2,Meal,electric_scooter,0,No,Metropolitian,14,morning,10,4.2
36,39,4.6,Cloudy,Jam,1,Snack,scooter,1,No,Metropolitian,36,evening,5,28.1
37,22,4.7,Sunny,High,1,Buffet,scooter,1,No,Urban,18,afternoon,5,8.5
38,32,4.6,Fog,Medium,1,Meal,scooter,0,No,Metropolitian,17,afternoon,15,7.6
39,35,4.1,Sandstorms,Jam,1,Buffet,motorcycle,2,No,Metropolitian,37,evening,15,19.8
40,34,4.7,Windy,High,2,Drinks,electric_scooter,1,No,Metropolitian,28,afternoon,10,8.3
41,25,4.4,Cloudy,Medium,2,Snack,scooter,1,No,Metropolitian,39,evening,5,26.1
42,25,4.7,Stormy,Medium,0,Meal,motorcycle,0,No,Urban,20,evening,5,35.9
43,30,5,Stormy,High,1,Buffet,motorcycle,1,No,Metropolitian,31,morning,5,5
44,24,4.6,Stormy,Jam,1,Buffet,motorcycle,0,No,Metropolitian,13,evening,10,16.4
45,37,4.6,Fog,Low,0,Buffet,motorcycle,2,Yes,Urban,42,night,15,15.5
46,24,5,Fog,Low,0,Drinks,motorcycle,1,No,Metropolitian,23,morning,5,2.8
47,25,4.2,Stormy,Jam,0,Meal,motorcycle,1,No,Metropolitian,39,night,15,33.5
48,32,4.6,Stormy,Low,2,Drinks,motorcycle,1,No,Metropolitian,25,morning,10,3.1
49,36,4.8,Sunny,Medium,2,Buffet,electric_scooter,0,No,Metropolitian,15,evening,5,18.3
50,29,5,Sunny,Low,0,Drinks,motorcycle,0,No,Metropolitian,18,night,5,14.7
51,36,4.7,Sandstorms,Low,2,Drinks,electric_scooter,0,No,Metropolitian,29,night,10,25.7
52,33,4.7,Fog,Low,0,Snack,motorcycle,0,No,Metropolitian,20,night,5,11.8
53,36,4.4,Cloudy,High,2,Meal,scooter,1,No,Metropolitian,39,afternoon,15,9.9
54,21,4.8,Windy,Low,0,Snack,motorcycle,0,No,Metropolitian,19,night,15,29.5
55,25,4.6,Stormy,Low,2,Snack,motorcycle,1,No,Urban,15,morning,15,3.2
56,27,4.6,Sandstorms,Jam,0,Buffet,motorcycle,1,No,Metropolitian,29,night,15,18.4
57,23,4.8,Cloudy,Low,2,Snack,scooter,1,No,Urban,22,night,5,24.9
58,21,4.3,Fog,Jam,1,Drinks,scooter,0,No,Metropolitian,42,evening,10,37.2
59,27,4.7,Sandstorms,Low,2,Snack,scooter,0,No,Urban,12,morning,15,5.7
60,32,4.2,Cloudy,Jam,1,Snack,motorcycle,1,No,Metropolitian,38,evening,10,28.7
61,25,4.6,Sunny,Low,0,Drinks,motorcycle,1,No,Metropolitian,23,night,15,22
62,39,4.7,Cloudy,Low,1,Meal,scooter,0,No,Metropolitian,15,morning,15,10
63,27,4.6,Sunny,Low,0,Snack,motorcycle,1,No,Metropolitian,24,night,5,16.9
64,31,4.8,Sandstorms,Low,1,Snack,scooter,0,No,Metropolitian,24,night,10,16.8
65,31,4.8,Sunny,Low,2,Buffet,electric_scooter,0,No,Metropolitian,13,night,5,11.5
66,36,4.9,Cloudy,Medium,0,Drinks,motorcycle,1,No,Urban,42,evening,10,16.5
67,20,4.9,Sandstorms,Low,0,Meal,motorcycle,1,No,Metropolitian,17,night,10,20
68,24,4.6,Cloudy,Jam,0,Drinks,motorcycle,0,No,Metropolitian,25,night,15,6.7
69,39,4.2,Fog,Medium,1,Snack,scooter,0,No,Metropolitian,39,evening,5,23.2
70,37,4.8,Sunny,High,2,Meal,scooter,0,No,Metropolitian,18,afternoon,10,10.1
71,22,4.5,Sandstorms,Low,1,Drinks,scooter,1,No,Metropolitian,18,night,15,11.4
72,33,4.7,Fog,Jam,1,Snack,scooter,1,No,Metropolitian,49,night,10,21.9
73,34,4.7,Sunny,High,2,Snack,scooter,0,No,Metropolitian,23,afternoon,15,10.8
74,26,5,Fog,Low,2,Meal,scooter,1,No,Urban,11,morning,10,2.4
75,31,4.6,Cloudy,Jam,0,Snack,motorcycle,0,No,Metropolitian,25,night,15,16.9
76,32,4.9,Fog,Low,2,Snack,motorcycle,0,No,Metropolitian,18,morning,5,6.3
77,33,4.4,Sandstorms,Low,0,Snack,motorcycle,1,No,Metropolitian,28,morning,10,4
78,20,4.6,Fog,Jam,0,Buffet,motorcycle,0,Yes,Metropolitian,44,evening,15,17.5
79,31,4.3,Windy,Low,0,Snack,motorcycle,1,No,Metropolitian,20,night,15,12.3
80,36,5,Fog,Jam,1,Snack,motorcycle,1,No,Metropolitian,35,evening,10,19.6
81,31,4.2,Sandstorms,Jam,0,Meal,motorcycle,1,No,Metropolitian,50,night,10,25.7
82,37,4.9,Fog,Medium,0,Buffet,motorcycle,1,No,Metropolitian,27,evening,10,8.3
83,31,3.9,Cloudy,Low,1,Buffet,scooter,1,No,Metropolitian,35,night,10,19
84,39,4.8,Cloudy,High,0,Snack,motorcycle,1,No,Metropolitian,28,afternoon,15,13
85,20,4.7,Sandstorms,Medium,0,Drinks,motorcycle,1,No,Metropolitian,24,evening,10,17
86,20,5,Cloudy,Jam,0,Meal,motorcycle,1,No,Urban,36,evening,15,27.7
87,29,4.3,Sandstorms,Low,0,Buffet,motorcycle,0,No,Metropolitian,28,night,5,13.1
88,36,4.8,Fog,Medium,2,Drinks,motorcycle,1,No,Urban,31,evening,5,24.3
89,36,4,Sunny,Jam,0,Meal,motorcycle,3,No,Metropolitian,44,evening,5,20.3
90,22,4.8,Windy,Low,1,Drinks,scooter,1,No,Metropolitian,15,night,15,16.5
91,38,4.4,Windy,Medium,0,Buffet,motorcycle,1,No,Metropolitian,33,evening,5,16
92,39,4.9,Fog,Jam,0,Buffet,motorcycle,0,No,Metropolitian,30,evening,15,9.1
93,24,4.9,Stormy,Medium,1,Snack,scooter,1,No,Metropolitian,22,evening,10,12.4
94,35,4.8,Fog,Medium,0,Meal,motorcycle,3,No,Metropolitian,48,evening,10,23.2
95,39,4.7,Windy,Medium,1,Snack,motorcycle,1,No,Urban,21,evening,5,16.9
96,31,4.3,Windy,Jam,1,Drinks,motorcycle,0,No,Metropolitian,44,night,10,19.7
97,37,4.5,Windy,Low,2,Drinks,scooter,0,No,Metropolitian,26,morning,15,2.4
98,33,5,Windy,High,1,Meal,motorcycle,1,No,Metropolitian,31,morning,5,2.7
99,33,4.5,Sunny,Jam,1,Snack,scooter,0,No,Metropolitian,18,evening,5,17.8
100,37,4.6,Cloudy,Medium,1,Snack,motorcycle,1,No,Metropolitian,32,evening,10,16.7
101,25,4.9,Sandstorms,Low,2,Meal,scooter,1,No,Metropolitian,17,night,5,10.4
102,38,4.7,Windy,High,2,Buffet,motorcycle,1,No,Metropolitian,31,afternoon,10,11.4
103,25,4.8,Cloudy,Jam,2,Snack,motorcycle,1,No,Metropolitian,22,evening,15,19.6
104,35,4.9,Fog,Jam,0,Drinks,motorcycle,3,No,Metropolitian,43,night,5,15.7
105,39,4.7,Fog,Jam,0,Buffet,motorcycle,1,Yes,Metropolitian,42,evening,10,13.2
106,38,3.9,Stormy,Jam,1,Meal,motorcycle,0,No,Metropolitian,42,evening,10,18.8
107,35,4.7,Fog,Jam,1,Drinks,motorcycle,1,No,Metropolitian,34,night,10,20.9
108,29,4.7,Sandstorms,Low,1,Snack,motorcycle,1,No,Metropolitian,17,morning,15,5.6
109,27,4.6,Stormy,Jam,1,Snack,scooter,0,No,Metropolitian,25,evening,5,5.9
110,26,4.1,Fog,Jam,2,Meal,motorcycle,1,No,Metropolitian,36,evening,5,26.4
111,36,4.9,Sunny,Medium,1,Drinks,motorcycle,0,No,Metropolitian,17,evening,10,16.1
112,20,4.5,Fog,High,2,Meal,motorcycle,1,No,Metropolitian,26,afternoon,5,10
113,23,4.6,Fog,Jam,0,Snack,motorcycle,2,Yes,Metropolitian,46,night,15,25.7
114,37,5,Sunny,Jam,0,Buffet,motorcycle,0,No,Metropolitian,29,evening,10,16.2
115,26,4.8,Sandstorms,Jam,0,Snack,motorcycle,1,No,Metropolitian,23,evening,5,16.4
116,26,4.9,Stormy,Medium,1,Snack,motorcycle,0,No,Metropolitian,28,evening,15,23.8
117,29,4.8,Cloudy,Jam,0,Meal,motorcycle,1,No,Metropolitian,25,evening,5,15.2
118,29,4.7,Sandstorms,Low,2,Snack,motorcycle,0,No,Metropolitian,11,morning,15,6.5
119,22,4.3,Stormy,Low,0,Meal,motorcycle,1,No,Metropolitian,23,morning,15,5.1
120,31,4,Fog,Medium,1,Snack,motorcycle,2,No,Metropolitian,39,evening,15,24.9
121,36,4.8,Fog,Medium,0,Snack,motorcycle,1,No,Metropolitian,43,evening,15,23.7
122,25,5,Windy,Medium,1,Drinks,motorcycle,0,No,Metropolitian,27,evening,5,22.7
123,27,4.5,Windy,Medium,2,Drinks,scooter,1,No,Metropolitian,29,afternoon,15,13.3
124,32,4.1,Sandstorms,Medium,0,Buffet,motorcycle,1,No,Metropolitian,33,evening,15,12.9
125,29,4.6,Stormy,Jam,1,Meal,scooter,1,No,Metropolitian,29,evening,15,7.3
126,31,4.9,Sunny,High,0,Snack,motorcycle,0,No,Metropolitian,28,afternoon,15,7.8
127,36,4.8,Sandstorms,Medium,0,Buffet,motorcycle,1,No,Metropolitian,36,evening,5,37.5
128,26,4.7,Cloudy,Jam,0,Meal,motorcycle,1,No,Metropolitian,43,evening,5,41.7
129,33,4.7,Fog,Medium,2,Buffet,electric_scooter,1,No,Urban,15,evening,15,10.1
130,34,4,Windy,Jam,0,Snack,motorcycle,2,No,Metropolitian,39,night,5,32.6
131,36,4.6,Windy,Low,0,Buffet,motorcycle,1,No,Metropolitian,20,night,10,21.8
132,27,4.9,Fog,Low,2,Drinks,scooter,0,No,Metropolitian,20,night,15,21
133,26,4.8,Cloudy,Jam,0,Snack,motorcycle,1,No,Metropolitian,43,evening,10,15.6
134,29,4.5,Windy,Low,0,Drinks,motorcycle,0,No,Urban,15,night,10,35.7
135,28,4.6,Stormy,High,2,Drinks,motorcycle,0,No,Metropolitian,14,afternoon,15,10.4
136,29,4.7,Cloudy,Medium,2,Buffet,motorcycle,1,No,Urban,11,afternoon,5,8
137,28,5,Windy,Low,0,Snack,motorcycle,0,No,Urban,15,night,10,20.4
138,25,4.7,Sandstorms,Low,0,Meal,motorcycle,1,No,Metropolitian,16,night,10,17.7
139,38,4.8,Stormy,Low,1,Buffet,motorcycle,1,No,Metropolitian,20,morning,5,5.2
140,39,4.9,Stormy,Low,1,Drinks,motorcycle,1,No,Metropolitian,26,night,10,12.6
141,26,4.9,Windy,Medium,1,Snack,scooter,0,No,Metropolitian,26,evening,5,12
142,33,4.4,Windy,Jam,1,Meal,motorcycle,0,No,Urban,43,night,15,14.5
143,24,4.6,Sandstorms,Medium,0,Snack,motorcycle,1,No,Urban,25,evening,10,17.2
144,33,4.5,Stormy,Low,2,Buffet,scooter,0,No,Metropolitian,17,night,15,24.2
145,27,4.2,Stormy,Jam,0,Buffet,motorcycle,1,No,Metropolitian,33,evening,5,21.9
146,29,4.5,Sunny,Medium,0,Snack,motorcycle,0,No,Metropolitian,15,evening,5,6.9
147,34,4.7,Fog,Low,1,Buffet,scooter,1,No,Metropolitian,27,night,10,31.3
148,20,4.7,Cloudy,High,2,Meal,scooter,1,No,Metropolitian,25,morning,15,8.8
149,29,4.8,Sunny,High,1,Drinks,motorcycle,1,No,Metropolitian,18,afternoon,5,9.8
150,22,4.9,Stormy,Medium,2,Snack,scooter,0,No,Metropolitian,21,evening,5,19
151,35,4.9,Cloudy,Jam,0,Buffet,motorcycle,2,No,Metropolitian,53,night,15,26.2
152,32,4.4,Sandstorms,Jam,0,Drinks,motorcycle,3,No,Metropolitian,42,night,10,23.1
153,28,4.9,Sunny,Jam,2,Snack,motorcycle,1,No,Metropolitian,20,night,15,22.2
154,30,4.7,Fog,Low,1,Meal,scooter,0,No,Metropolitian,29,night,10,30.9
155,22,4.7,Stormy,Jam,2,Snack,scooter,0,No,Urban,15,evening,10,25.7
156,36,4.7,Fog,Medium,0,Buffet,motorcycle,1,No,Metropolitian,30,evening,15,9.8
157,29,4.5,Sandstorms,Low,2,Meal,motorcycle,1,No,Metropolitian,15,night,10,39.5
158,34,4.9,Sandstorms,Jam,0,Buffet,motorcycle,3,Yes,Urban,50,night,15,25.2
159,38,4.1,Stormy,High,0,Buffet,motorcycle,1,Yes,Metropolitian,41,morning,5,3.4
160,32,4.3,Cloudy,Medium,1,Meal,scooter,2,No,Metropolitian,35,evening,15,16.5
161,20,4.5,Windy,Jam,2,Buffet,motorcycle,1,No,Metropolitian,27,evening,10,13.8
162,25,4.9,Fog,Jam,0,Buffet,motorcycle,2,No,Metropolitian,43,night,5,17
163,31,4.4,Stormy,Jam,0,Buffet,motorcycle,1,No,Urban,47,night,5,21
164,37,4.5,Fog,Low,0,Buffet,motorcycle,1,No,Urban,26,night,5,10.2
165,36,4.9,Cloudy,Medium,2,Snack,electric_scooter,1,No,Metropolitian,31,evening,15,22.1
166,37,3.8,Sandstorms,Jam,1,Snack,motorcycle,1,No,Metropolitian,42,evening,10,30.1
167,35,4.9,Fog,Medium,2,Meal,electric_scooter,0,No,Metropolitian,18,evening,5,7.5
168,28,4.8,Fog,Low,0,Buffet,motorcycle,1,No,Metropolitian,23,morning,15,6.7
169,39,4,Stormy,Medium,0,Drinks,motorcycle,0,No,Metropolitian,48,evening,10,27.7
170,29,4.5,Windy,Low,1,Snack,scooter,0,No,Urban,13,night,15,19.6
171,39,4.6,Sandstorms,High,2,Drinks,motorcycle,1,No,Metropolitian,32,morning,10,22.3
172,25,4.9,Sandstorms,Jam,2,Snack,electric_scooter,0,No,Urban,16,night,5,38.6
173,34,5,Cloudy,Medium,2,Snack,electric_scooter,0,No,Urban,19,evening,5,6.5
174,22,4.8,Sunny,Low,1,Drinks,motorcycle,1,No,Metropolitian,18,morning,5,6
175,27,5,Windy,Jam,0,Buffet,motorcycle,1,No,Metropolitian,27,night,10,20.4
176,32,5,Stormy,Medium,2,Drinks,scooter,1,No,Metropolitian,31,evening,15,6.9
177,30,4.6,Cloudy,Low,0,Buffet,motorcycle,0,No,Urban,24,morning,15,3.2
178,39,4.8,Fog,High,2,Drinks,scooter,1,No,Urban,26,morning,5,5
179,20,4.7,Sandstorms,Medium,2,Snack,scooter,1,No,Urban,16,evening,5,19.5
180,34,4.2,Windy,Low,0,Snack,motorcycle,0,No,Urban,24,night,5,13.9
181,37,4.3,Stormy,High,2,Meal,scooter,1,No,Metropolitian,34,afternoon,10,5.9
182,33,4.9,Windy,Low,1,Drinks,motorcycle,1,No,Metropolitian,26,night,10,10.8
183,21,5,Fog,Medium,1,Drinks,motorcycle,1,No,Metropolitian,25,evening,5,28.5
184,28,4.6,Stormy,Jam,2,Drinks,electric_scooter,0,No,Metropolitian,16,evening,5,30.7
185,21,4.7,Windy,Jam,2,Drinks,scooter,1,No,Metropolitian,27,evening,10,37.5
186,39,4.9,Fog,High,0,Drinks,motorcycle,1,No,Metropolitian,25,morning,5,5.3
187,20,4.5,Sandstorms,Jam,1,Buffet,scooter,1,No,Urban,25,evening,5,15.7
188,36,5,Fog,Low,2,Meal,scooter,1,No,Urban,15,morning,5,3.8
189,32,4.5,Fog,Jam,0,Buffet,motorcycle,1,No,Metropolitian,30,evening,5,11.2
190,30,4.7,Windy,Low,0,Drinks,motorcycle,1,No,Metropolitian,24,night,5,23.3
191,23,4.6,Windy,Jam,0,Snack,motorcycle,1,No,Metropolitian,27,night,5,22.9
192,31,4.2,Windy,Medium,2,Meal,electric_scooter,1,No,Metropolitian,32,evening,10,12.9
193,20,4.5,Sandstorms,Jam,0,Drinks,motorcycle,1,No,Metropolitian,29,evening,5,9.9
194,22,4.9,Cloudy,Low,1,Snack,motorcycle,0,No,Metropolitian,11,morning,5,3.1
195,20,4.7,Cloudy,Medium,1,Buffet,motorcycle,1,No,Urban,13,evening,5,12.1
196,32,4.5,Cloudy,High,2,Buffet,motorcycle,1,No,Metropolitian,27,afternoon,5,10.2
197,34,4.9,Sunny,Low,2,Snack,scooter,1,No,Metropolitian,26,night,10,21.5
198,33,3.9,Windy,Medium,2,Meal,electric_scooter,1,No,Metropolitian,32,evening,5,24
199,34,4.5,Windy,Low,1,Meal,motorcycle,1,No,Metropolitian,25,morning,10,6.9
200,34,4.7,Sunny,Jam,0,Drinks,motorcycle,1,No,Metropolitian,29,evening,15,12.2
201,26,4.6,Cloudy,Jam,1,Buffet,scooter,0,No,Metropolitian,32,evening,5,14.6
202,32,5,Cloudy,Jam,2,Buffet,scooter,1,No,Urban,27,night,15,11.6
203,32,4.5,Stormy,Medium,0,Meal,motorcycle,1,No,Metropolitian,30,evening,5,10.5
204,39,4.1,Sunny,Medium,0,Snack,motorcycle,1,No,Metropolitian,32,evening,10,16.9
205,36,4.8,Stormy,Low,2,Meal,electric_scooter,0,No,Metropolitian,25,morning,5,2.9
206,38,3.7,Stormy,Jam,1,Meal,motorcycle,1,No,Metropolitian,31,evening,10,21.5
207,28,4.7,Stormy,High,2,Drinks,scooter,1,No,Metropolitian,28,morning,15,6.5
208,34,3.8,Stormy,Medium,1,Meal,scooter,0,No,Metropolitian,31,evening,15,22.9
209,32,4.9,Cloudy,Low,1,Buffet,motorcycle,1,No,Metropolitian,29,night,10,20.6
210,22,4.7,Windy,Low,1,Buffet,motorcycle,0,No,Urban,17,night,5,11.9
211,31,4,Windy,Medium,0,Drinks,motorcycle,3,Yes,Metropolitian,45,evening,10,17.6
212,29,4.9,Windy,Jam,1,Drinks,scooter,0,No,Metropolitian,24,evening,10,23.5
213,38,4.8,Sandstorms,Jam,0,Meal,motorcycle,3,No,Metropolitian,44,night,15,15.1
214,35,4.8,Cloudy,Jam,2,Snack,motorcycle,2,No,Metropolitian,36,night,15,9.9
215,31,4.9,Sunny,Jam,0,Meal,motorcycle,0,No,Metropolitian,28,evening,5,6.6
216,30,4.3,Windy,Medium,1,Drinks,scooter,2,No,Metropolitian,37,evening,5,19.2
217,33,4.8,Stormy,Low,2,Drinks,motorcycle,0,No,Urban,23,night,15,23.3
218,29,4.6,Sandstorms,Low,0,Meal,motorcycle,0,No,Metropolitian,22,night,15,36.1
219,38,4.6,Stormy,High,2,Snack,scooter,1,No,Metropolitian,26,afternoon,10,8.6
220,26,4.9,Sandstorms,Jam,0,Drinks,motorcycle,1,No,Metropolitian,34,evening,5,11.9
221,26,4.7,Windy,Low,2,Snack,motorcycle,0,No,Metropolitian,14,night,10,13.4
222,35,4.7,Cloudy,Medium,2,Meal,motorcycle,1,No,Metropolitian,17,afternoon,5,8.6
223,24,2.6,Sunny,Low,1,Drinks,motorcycle,1,Yes,Metropolitian,42,night,15,21
224,33,4.3,Cloudy,Medium,1,Meal,motorcycle,1,No,Metropolitian,34,evening,10,33.7
225,26,4.6,Windy,Medium,1,Buffet,motorcycle,1,No,Metropolitian,25,evening,15,24.5
226,37,4.9,Fog,Jam,0,Meal,motorcycle,2,No,Metropolitian,48,evening,15,25
227,31,4.8,Stormy,Low,1,Drinks,scooter,0,No,Metropolitian,28,night,5,30.6
228,37,4.6,Stormy,Medium,1,Buffet,motorcycle,1,No,Urban,26,evening,5,20.1
229,26,4.7,Sunny,Jam,2,Drinks,scooter,0,No,Urban,16,night,15,27.3
230,21,4.4,Windy,Low,0,Drinks,motorcycle,0,No,Metropolitian,15,night,15,7.8
231,22,4,Sandstorms,Low,0,Snack,motorcycle,1,No,Urban,28,morning,10,2.7
232,38,4.5,Windy,Low,1,Meal,motorcycle,1,No,Urban,20,morning,5,2.5
233,28,4,Stormy,High,0,Buffet,motorcycle,1,No,Metropolitian,32,afternoon,15,10.4
234,31,4.9,Cloudy,High,1,Drinks,motorcycle,1,No,Metropolitian,38,afternoon,15,8.6
235,24,4.8,Cloudy,Low,2,Snack,scooter,0,No,Metropolitian,14,morning,10,5.7
236,26,4.9,Sandstorms,Jam,0,Snack,motorcycle,1,No,Metropolitian,30,evening,5,22.2
237,20,4.7,Cloudy,Jam,1,Snack,scooter,1,No,Metropolitian,29,evening,15,11.9
238,29,4.8,Windy,Low,1,Buffet,scooter,0,No,Urban,12,night,5,26.6
239,32,4,Windy,Medium,0,Buffet,motorcycle,3,Yes,Urban,49,evening,5,18.3
240,20,4.9,Fog,Medium,0,Meal,motorcycle,1,No,Metropolitian,42,evening,10,21.3
241,34,4.6,Sandstorms,High,2,Meal,electric_scooter,1,No,Urban,27,afternoon,5,9.9
242,29,5,Windy,Jam,1,Drinks,motorcycle,1,No,Metropolitian,25,night,15,20.2
243,24,4.9,Windy,Jam,2,Drinks,motorcycle,1,No,Urban,24,evening,15,26.7
244,33,4.4,Windy,Low,0,Drinks,motorcycle,1,No,Metropolitian,24,morning,15,2.2
245,35,4.7,Sandstorms,Jam,1,Meal,motorcycle,1,No,Metropolitian,29,night,10,12.4
246,29,4.8,Cloudy,Low,1,Drinks,motorcycle,1,No,Metropolitian,23,night,10,14.6
247,21,4.9,Windy,Low,0,Buffet,motorcycle,1,No,Metropolitian,19,night,5,20.8
248,29,4.6,Windy,Jam,0,Meal,motorcycle,1,No,Urban,29,night,5,22.7
249,22,4.7,Sunny,Jam,0,Snack,motorcycle,0,No,Metropolitian,24,evening,15,19.8
250,23,4.9,Stormy,High,2,Snack,scooter,0,No,Metropolitian,22,morning,15,2.6
251,33,4.1,Sandstorms,Medium,0,Drinks,motorcycle,1,No,Metropolitian,43,evening,5,18
252,35,4.6,Windy,Medium,2,Meal,scooter,1,No,Metropolitian,26,evening,15,40.2
253,21,4.7,Windy,Medium,1,Buffet,scooter,0,No,Metropolitian,27,evening,15,7.5
254,39,4.4,Fog,Low,0,Meal,motorcycle,2,No,Metropolitian,35,night,10,19.8
255,34,4.8,Windy,Low,2,Drinks,scooter,1,No,Metropolitian,27,night,5,11.6
256,29,4.9,Cloudy,High,0,Drinks,motorcycle,1,No,Urban,27,afternoon,15,7.7
257,20,4.7,Fog,Low,1,Buffet,scooter,0,No,Metropolitian,17,morning,5,6.5
258,26,5,Sunny,Medium,0,Drinks,motorcycle,1,No,Metropolitian,18,evening,5,22.9
259,39,4.6,Sandstorms,Medium,2,Buffet,motorcycle,0,No,Urban,32,evening,15,8.8
260,39,5,Cloudy,Low,0,Meal,motorcycle,1,No,Metropolitian,41,night,5,32.5
261,33,4.8,Fog,Medium,2,Drinks,scooter,0,No,Metropolitian,16,evening,5,7.6
262,33,4.8,Fog,Jam,0,Meal,motorcycle,3,No,Metropolitian,48,night,10,52.4
263,37,4.7,Cloudy,Medium,1,Buffet,motorcycle,0,No,Metropolitian,40,evening,15,23.7
264,20,4.6,Stormy,Low,1,Drinks,motorcycle,0,No,Urban,11,morning,10,5.4
265,27,4.6,Sunny,High,2,Buffet,electric_scooter,0,No,Metropolitian,16,morning,10,6
266,37,4.9,Fog,Medium,1,Drinks,scooter,0,No,Urban,15,evening,15,15.4
267,25,4.7,Fog,Low,1,Snack,motorcycle,0,No,Urban,11,night,10,13.5
268,37,4.7,Cloudy,Low,0,Meal,motorcycle,1,No,Urban,22,night,10,11
269,28,4.7,Fog,Jam,1,Snack,scooter,1,No,Metropolitian,31,night,15,15.5
270,20,4.7,Stormy,Low,2,Drinks,scooter,1,No,Metropolitian,16,night,5,12.3
271,34,4.8,Cloudy,Low,2,Buffet,electric_scooter,1,No,Metropolitian,18,morning,5,1.7
272,25,4.8,Windy,Medium,1,Drinks,scooter,0,No,Metropolitian,26,evening,15,21
273,38,5,Sandstorms,Jam,1,Meal,scooter,1,No,Metropolitian,34,night,15,11.8
274,34,3.5,Windy,Medium,2,Snack,motorcycle,1,No,Metropolitian,32,evening,5,16
275,24,4.9,Windy,Jam,1,Drinks,motorcycle,0,No,Metropolitian,22,evening,5,20.7
276,33,4.6,Windy,Jam,0,Snack,motorcycle,2,Yes,Urban,50,night,10,16.7
277,25,4.6,Stormy,Medium,0,Drinks,motorcycle,0,No,Metropolitian,23,evening,10,13.1
278,23,4.9,Windy,High,0,Buffet,motorcycle,1,No,Metropolitian,19,afternoon,5,9.4
279,34,4.9,Stormy,Low,1,Snack,motorcycle,1,No,Metropolitian,25,night,15,11.3
280,25,4.7,Fog,Medium,2,Snack,scooter,1,No,Metropolitian,37,evening,5,22.1
281,28,4.9,Sandstorms,Low,2,Drinks,electric_scooter,0,No,Metropolitian,10,night,5,18.3
282,34,3.7,Stormy,Jam,1,Buffet,scooter,1,No,Metropolitian,34,night,10,23.5
283,24,4.5,Stormy,Low,1,Meal,scooter,1,No,Metropolitian,14,night,10,34.2
284,32,4.8,Sunny,Medium,1,Buffet,motorcycle,0,No,Metropolitian,17,evening,15,41
285,33,4.8,Stormy,Low,2,Buffet,electric_scooter,1,No,Metropolitian,28,night,10,9.5
286,24,4.6,Sandstorms,Low,0,Snack,motorcycle,1,No,Metropolitian,16,night,5,19.5
287,36,5,Sandstorms,Jam,0,Meal,motorcycle,2,No,Metropolitian,43,evening,5,16.8
288,22,4.7,Fog,Medium,0,Snack,motorcycle,3,No,Metropolitian,44,evening,5,19.6
289,33,4.7,Fog,Low,2,Drinks,scooter,1,No,Metropolitian,18,morning,5,5.5
290,27,4.1,Stormy,Low,0,Drinks,motorcycle,0,No,Metropolitian,16,morning,5,4.3
291,30,4.2,Cloudy,Jam,1,Buffet,motorcycle,1,No,Metropolitian,46,evening,5,14.9
292,20,4.9,Stormy,Medium,1,Drinks,scooter,1,No,Urban,17,evening,5,19.1
293,31,4.4,Sandstorms,Jam,0,Buffet,motorcycle,1,No,Metropolitian,44,evening,5,19.3
294,39,4.9,Windy,Jam,0,Snack,motorcycle,2,No,Urban,43,night,10,16
295,32,4.7,Fog,Low,0,Meal,motorcycle,1,No,Metropolitian,41,night,15,25.7
296,30,3.8,Windy,Jam,2,Buffet,scooter,1,Yes,Metropolitian,40,evening,10,16.6
297,26,4.7,Windy,Low,2,Meal,scooter,0,No,Urban,16,morning,5,5.4
298,21,4.9,Stormy,High,2,Buffet,motorcycle,0,No,Urban,13,morning,10,2.4
299,23,4.6,Stormy,Medium,2,Drinks,scooter,1,No,Metropolitian,29,evening,15,7.4
300,22,4.9,Sandstorms,High,1,Meal,motorcycle,1,No,Metropolitian,24,morning,10,3.1
301,39,4.5,Cloudy,Medium,2,Drinks,motorcycle,1,No,Metropolitian,16,evening,10,8.3
302,32,4.1,Stormy,Jam,1,Drinks,scooter,1,No,Metropolitian,34,evening,5,12
303,30,5,Fog,High,1,Snack,motorcycle,1,No,Metropolitian,28,afternoon,15,8.5
304,26,4.7,Stormy,Low,2,Snack,scooter,0,No,Metropolitian,14,night,15,19.7
305,30,4.6,Windy,High,2,Snack,motorcycle,1,No,Urban,30,afternoon,5,9
306,31,4.3,Windy,Low,0,Drinks,motorcycle,1,No,Metropolitian,25,morning,15,7
307,33,4.8,Sunny,Low,1,Buffet,motorcycle,0,No,Metropolitian,28,night,10,19.6
308,39,3.5,Cloudy,Low,2,Meal,motorcycle,0,No,Urban,32,night,5,21.2
309,31,4,Cloudy,Jam,1,Snack,scooter,0,No,Metropolitian,42,night,15,19.8
310,27,4.9,Sandstorms,Jam,2,Drinks,motorcycle,1,No,Metropolitian,25,night,10,22.5
311,35,4.5,Windy,Low,0,Meal,motorcycle,1,No,Metropolitian,22,night,5,31.3
312,37,4.8,Stormy,Low,2,Buffet,scooter,1,No,Metropolitian,16,night,5,16.9
313,34,4.9,Sunny,Jam,0,Meal,motorcycle,1,No,Metropolitian,25,evening,5,6.3
314,29,4.7,Sunny,Medium,0,Snack,motorcycle,1,No,Metropolitian,20,evening,10,11.1
315,34,4.9,Fog,Low,1,Snack,motorcycle,1,No,Metropolitian,19,night,15,11.8
316,21,4.7,Stormy,Jam,2,Buffet,scooter,1,No,Metropolitian,11,evening,5,7.2
317,20,4.7,Stormy,Low,2,Snack,electric_scooter,0,No,Metropolitian,12,night,5,24
318,24,4.1,Cloudy,Jam,2,Buffet,electric_scooter,1,No,Metropolitian,39,evening,15,38.6
319,25,4.5,Windy,High,1,Snack,scooter,1,No,Urban,16,afternoon,5,10
320,22,4.8,Cloudy,Low,2,Drinks,scooter,1,No,Urban,17,night,5,7.7
321,38,4.7,Windy,Medium,1,Meal,motorcycle,0,No,Urban,24,evening,10,20
322,29,4.3,Cloudy,High,1,Meal,scooter,1,No,Urban,33,afternoon,15,10.6
323,24,4.8,Sandstorms,Medium,1,Snack,scooter,1,No,Urban,29,evening,15,23.1
324,36,4.8,Fog,Medium,0,Buffet,motorcycle,1,No,Metropolitian,42,evening,15,74
325,31,4.7,Windy,Low,2,Buffet,electric_scooter,1,No,Metropolitian,28,night,5,10.6
326,20,4.8,Fog,Jam,1,Snack,scooter,1,No,Metropolitian,25,evening,10,9.1
327,25,4.6,Sunny,Medium,1,Snack,scooter,0,No,Metropolitian,16,evening,5,13.2
328,21,4.7,Cloudy,Medium,0,Snack,motorcycle,0,No,Metropolitian,35,evening,15,41.3
329,32,4.7,Stormy,Medium,2,Drinks,scooter,1,No,Metropolitian,25,afternoon,5,8.5
330,36,4.9,Sunny,Jam,1,Drinks,motorcycle,1,No,Metropolitian,15,evening,5,26.9
331,38,4.8,Cloudy,Jam,1,Snack,motorcycle,3,No,Metropolitian,49,evening,5,14.1
332,34,4.3,Sandstorms,Medium,0,Snack,motorcycle,1,No,Metropolitian,35,evening,10,22.5
333,32,3.6,Stormy,Jam,2,Meal,scooter,1,No,Urban,39,evening,5,27.3
334,22,4.6,Sunny,Jam,2,Buffet,motorcycle,1,No,Metropolitian,11,evening,15,18.3
335,34,3.9,Cloudy,Low,2,Drinks,electric_scooter,1,No,Metropolitian,33,night,10,19.7
336,39,4.8,Cloudy,Jam,0,Meal,motorcycle,1,No,Metropolitian,47,night,5,26
337,21,5,Cloudy,Low,1,Buffet,motorcycle,0,No,Metropolitian,25,night,10,27.7
338,28,4.9,Windy,Medium,1,Meal,motorcycle,1,No,Metropolitian,15,evening,10,18.6
339,21,4.7,Sandstorms,Jam,1,Meal,motorcycle,0,No,Metropolitian,29,evening,10,23.9
340,30,4.6,Fog,High,2,Snack,electric_scooter,1,No,Urban,30,afternoon,15,4
341,36,5,Fog,Low,2,Drinks,scooter,1,No,Urban,16,night,10,12.3
342,25,4.5,Cloudy,Low,0,Meal,motorcycle,0,No,Urban,24,morning,10,5.1
343,38,4.3,Sunny,Jam,2,Snack,scooter,0,No,Metropolitian,31,evening,15,23
344,24,5,Sunny,High,2,Drinks,scooter,0,No,Urban,12,afternoon,15,9.6
345,31,4.7,Sunny,Medium,2,Snack,electric_scooter,1,No,Metropolitian,29,evening,5,19.3
346,23,4.8,Fog,Low,1,Buffet,motorcycle,1,No,Urban,11,morning,10,10.1
347,25,4.7,Sandstorms,Medium,2,Meal,scooter,1,No,Urban,23,evening,5,31.8
348,38,4.5,Windy,Low,2,Drinks,electric_scooter,0,No,Metropolitian,24,morning,5,2.6
349,32,4.8,Sunny,Medium,0,Drinks,motorcycle,0,No,Urban,26,evening,10,17
350,35,4.1,Sandstorms,Medium,0,Buffet,motorcycle,1,No,Metropolitian,46,evening,15,29.9
351,22,3.5,Sunny,Low,2,Meal,motorcycle,0,No,Metropolitian,33,night,10,13.9
352,28,4.9,Stormy,Medium,2,Snack,scooter,1,No,Metropolitian,24,evening,5,11.1
353,35,3.6,Fog,Low,2,Meal,motorcycle,0,No,Urban,34,night,15,16.9
354,26,5,Cloudy,Low,1,Buffet,scooter,1,No,Metropolitian,10,night,15,8.1
355,36,4.4,Cloudy,Medium,1,Snack,motorcycle,1,No,Urban,31,evening,10,25.7
356,26,4.6,Stormy,Jam,0,Drinks,motorcycle,1,No,Metropolitian,32,evening,15,7.4
357,25,4.3,Cloudy,Medium,2,Meal,scooter,0,No,Metropolitian,37,evening,5,21.3
358,39,4.9,Stormy,Medium,1,Buffet,motorcycle,1,No,Metropolitian,26,evening,5,16.4
359,34,4.5,Sandstorms,Jam,2,Snack,motorcycle,0,No,Metropolitian,28,evening,5,8.8
360,36,4.8,Cloudy,Low,0,Meal,motorcycle,1,No,Urban,20,night,10,10
361,30,4.4,Fog,Low,2,Buffet,electric_scooter,1,No,Metropolitian,35,night,15,21.8
362,21,4.8,Stormy,Low,1,Meal,motorcycle,1,No,Urban,13,night,10,17.7
363,24,4.2,Cloudy,Medium,2,Drinks,scooter,1,No,Metropolitian,35,evening,15,24.1
364,28,4.9,Sunny,Jam,0,Snack,motorcycle,1,No,Metropolitian,25,evening,10,17.6
365,35,4.8,Windy,Medium,2,Buffet,scooter,1,No,Metropolitian,29,evening,10,6.1
366,25,4.5,Sandstorms,Low,0,Buffet,motorcycle,1,No,Metropolitian,20,night,15,20.6
367,28,4.7,Fog,Low,1,Meal,scooter,1,No,Metropolitian,25,night,10,24.3
368,28,4.5,Sunny,Medium,2,Buffet,scooter,1,No,Urban,16,evening,5,14.2
369,20,3.9,Sunny,Jam,0,Buffet,motorcycle,1,No,Metropolitian,54,evening,5,13.5
370,35,4.8,Cloudy,Jam,2,Buffet,motorcycle,1,No,Metropolitian,43,evening,15,19.5
371,20,4.7,Sunny,Low,0,Drinks,motorcycle,1,No,Urban,28,night,15,18
372,29,5,Sandstorms,Jam,0,Snack,motorcycle,1,No,Urban,20,evening,15,7.5
373,33,5,Sunny,Medium,1,Meal,scooter,1,No,Metropolitian,25,evening,15,21.7
374,24,4.8,Sunny,Jam,2,Drinks,motorcycle,0,No,Metropolitian,16,night,10,22.6
375,25,4.8,Fog,Medium,0,Drinks,motorcycle,0,No,Metropolitian,22,evening,15,11.1
376,31,4.4,Cloudy,Low,1,Buffet,scooter,1,No,Metropolitian,37,night,5,26.4
377,22,4.6,Sunny,Jam,0,Snack,motorcycle,0,No,Urban,15,night,15,47.5
378,34,3.8,Cloudy,Low,1,Meal,scooter,1,No,Metropolitian,39,night,15,21.8
379,20,4.8,Sunny,Low,2,Snack,scooter,1,No,Metropolitian,28,night,5,17.9
380,20,3.5,Sunny,Jam,0,Buffet,motorcycle,3,Yes,Semi-Urban,50,night,15,7.6
381,30,4.2,Cloudy,Jam,2,Meal,scooter,2,No,Metropolitian,49,evening,10,17
382,35,4,Fog,Jam,1,Snack,scooter,1,No,Metropolitian,35,night,15,33.9
383,28,4.8,Windy,Low,1,Snack,scooter,1,No,Metropolitian,18,morning,15,2.7
384,22,5,Sunny,Jam,2,Meal,scooter,0,No,Urban,11,evening,5,12.2
385,23,4.8,Cloudy,Jam,2,Drinks,motorcycle,1,No,Urban,33,evening,10,15.5
386,22,4.9,Fog,Low,2,Meal,scooter,0,No,Metropolitian,16,morning,15,4.2
387,30,4.7,Fog,High,0,Snack,motorcycle,1,No,Metropolitian,26,morning,15,2.6
388,20,4.8,Stormy,Medium,0,Snack,motorcycle,1,No,Urban,14,afternoon,10,9.8
389,20,5,Windy,Jam,0,Meal,motorcycle,1,No,Metropolitian,36,evening,15,16.2
390,27,4.7,Sandstorms,Low,2,Meal,scooter,0,No,Metropolitian,11,morning,10,5.7
391,35,4.8,Stormy,Low,2,Buffet,electric_scooter,0,No,Metropolitian,27,morning,15,4.1
392,24,4.8,Windy,Jam,1,Meal,motorcycle,1,No,Metropolitian,26,evening,10,29.1
393,25,4.9,Sunny,Medium,0,Snack,motorcycle,0,No,Metropolitian,17,evening,15,17.2
394,28,4.8,Fog,Medium,1,Meal,motorcycle,0,No,Metropolitian,14,afternoon,15,11.3
395,31,4.9,Fog,Low,0,Snack,motorcycle,1,No,Metropolitian,29,night,15,34.9
396,31,4.8,Windy,Medium,2,Drinks,scooter,0,No,Metropolitian,21,evening,5,19.4
397,39,4.6,Sunny,Medium,1,Buffet,scooter,1,No,Metropolitian,18,evening,15,24
398,26,4.8,Fog,Medium,0,Drinks,motorcycle,1,No,Urban,21,evening,10,6.7
399,35,4.4,Sandstorms,Medium,2,Buffet,motorcycle,1,No,Urban,32,evening,5,9.7
400,25,4.9,Sandstorms,Medium,2,Drinks,electric_scooter,1,No,Urban,27,evening,10,29
401,20,4.5,Sandstorms,High,0,Drinks,motorcycle,1,No,Metropolitian,21,afternoon,15,11.7
402,30,4.8,Sandstorms,Low,2,Drinks,electric_scooter,1,No,Metropolitian,28,morning,5,2.9
403,23,5,Fog,Medium,2,Buffet,scooter,0,No,Urban,34,evening,15,18.7
404,36,4.5,Windy,Low,1,Snack,motorcycle,1,No,Metropolitian,18,night,10,15.3
405,28,4.9,Windy,Medium,0,Meal,motorcycle,1,No,Metropolitian,13,evening,10,12.8
406,38,4.9,Sandstorms,Medium,1,Snack,motorcycle,1,No,Metropolitian,31,evening,15,21.7
407,35,4.8,Fog,Jam,2,Meal,scooter,1,No,Metropolitian,42,evening,15,25
408,33,4.8,Sunny,Low,0,Snack,motorcycle,1,No,Urban,21,night,10,12.7
409,27,4.6,Cloudy,Medium,0,Snack,motorcycle,1,No,Metropolitian,22,afternoon,5,9.7
410,23,5,Windy,Jam,2,Snack,electric_scooter,1,No,Metropolitian,27,night,10,17.6
411,38,4.8,Sunny,Low,2,Buffet,motorcycle,1,No,Metropolitian,17,night,5,11.9
412,38,4.8,Cloudy,Jam,0,Drinks,motorcycle,0,No,Metropolitian,27,evening,10,13.2
413,31,4.4,Stormy,Jam,0,Meal,motorcycle,1,Yes,Metropolitian,53,evening,5,22.7
414,23,4.9,Cloudy,Medium,2,Snack,motorcycle,2,No,Metropolitian,36,evening,5,25
415,25,4.1,Windy,Low,0,Buffet,motorcycle,1,No,Metropolitian,28,night,10,13.5
416,36,4.6,Sunny,Jam,0,Drinks,motorcycle,1,No,Urban,30,night,5,
417,35,4.1,Stormy,Low,0,Meal,motorcycle,1,No,Metropolitian,32,morning,10,6
418,31,4.8,Stormy,High,1,Meal,scooter,1,No,Metropolitian,26,afternoon,5,10.3
419,30,5,Cloudy,Low,2,Meal,scooter,1,No,Urban,19,night,10,14.5
420,39,4.9,Sunny,Low,0,Meal,motorcycle,0,No,Metropolitian,25,morning,5,5.7
421,34,4.3,Windy,Medium,0,Meal,motorcycle,1,No,Metropolitian,36,evening,5,7.9
422,36,4.8,Windy,Low,1,Buffet,motorcycle,0,No,Metropolitian,29,morning,15,3.7
423,30,4.9,Sunny,Jam,1,Drinks,motorcycle,1,No,Metropolitian,24,evening,5,17.8
424,24,4.7,Windy,Low,1,Meal,scooter,0,No,Metropolitian,10,night,5,11.9
425,37,4.8,Sunny,Low,1,Drinks,motorcycle,1,No,Metropolitian,18,morning,10,5.8
426,30,4.8,Stormy,Low,1,Drinks,motorcycle,1,No,Metropolitian,16,night,5,17.1
427,25,4.8,Sunny,Low,1,Drinks,motorcycle,0,No,Metropolitian,22,night,15,12.8
428,30,5,Sandstorms,Low,2,Drinks,scooter,0,No,Metropolitian,25,morning,15,3.6
429,37,4.7,Fog,Low,0,Meal,motorcycle,0,No,Metropolitian,20,morning,5,4.9
430,39,4.7,Fog,Low,0,Buffet,motorcycle,1,No,Metropolitian,24,morning,10,4.6
431,21,4.9,Sunny,Medium,2,Snack,motorcycle,0,No,Metropolitian,19,evening,5,16.9
432,38,4.9,Sandstorms,High,2,Snack,scooter,0,No,Metropolitian,25,afternoon,5,15.4
433,35,4.9,Fog,Medium,0,Meal,motorcycle,2,No,Urban,36,evening,10,31.9
434,25,4.8,Windy,Medium,2,Buffet,scooter,1,No,Metropolitian,28,afternoon,10,9.3
435,38,5,Sandstorms,Medium,0,Meal,motorcycle,1,No,Metropolitian,32,evening,10,7.2
436,39,4.9,Windy,Jam,2,Buffet,motorcycle,1,No,Metropolitian,30,evening,15,12.3
437,21,4.9,Windy,Medium,0,Meal,motorcycle,0,No,Metropolitian,15,evening,10,6.3
438,20,4.5,Sunny,High,0,Drinks,motorcycle,1,No,Metropolitian,51,afternoon,15,9.3
439,26,4.6,Fog,High,1,Buffet,motorcycle,0,No,Metropolitian,22,morning,5,4.7
440,32,5,Sandstorms,Jam,1,Meal,scooter,0,No,Metropolitian,25,night,15,38
441,23,4.9,Sunny,Low,0,Snack,motorcycle,0,No,Urban,10,morning,15,4.7
442,26,4.9,Cloudy,Jam,2,Meal,scooter,1,No,Metropolitian,25,evening,5,16.8
443,37,4.7,Windy,Medium,2,Meal,scooter,0,No,Metropolitian,25,evening,15,13.2
444,28,4.6,Cloudy,Medium,0,Drinks,motorcycle,0,No,Metropolitian,27,evening,5,16
445,33,4.7,Sandstorms,Jam,1,Meal,motorcycle,1,No,Metropolitian,25,evening,10,23.4
446,32,4.6,Cloudy,Low,0,Snack,motorcycle,1,No,Metropolitian,24,night,15,6.1
447,36,4.9,Fog,Low,1,Snack,motorcycle,0,No,Metropolitian,15,night,15,8
448,31,4.8,Fog,Low,1,Buffet,motorcycle,0,No,Metropolitian,19,morning,10,2.5
449,21,4.9,Fog,Medium,1,Buffet,motorcycle,1,No,Metropolitian,18,evening,5,15.5
450,36,4.9,Windy,Low,0,Buffet,motorcycle,1,No,Metropolitian,23,night,5,15.4
451,34,4.5,Windy,Jam,2,Snack,motorcycle,0,No,Metropolitian,26,evening,10,13.3
452,39,4.7,Sunny,Jam,1,Meal,scooter,1,No,Metropolitian,19,evening,10,14.8
453,33,4.7,Sunny,Low,1,Buffet,scooter,1,No,Urban,10,morning,10,3.1
454,27,4.5,Cloudy,High,0,Drinks,motorcycle,1,No,Urban,20,morning,15,3.2
455,37,4.8,Stormy,Jam,2,Buffet,electric_scooter,1,No,Metropolitian,28,night,5,11.9
456,21,4.7,Sandstorms,Low,2,Meal,scooter,0,No,Metropolitian,15,night,15,32.1
457,28,4.3,Stormy,Low,0,Snack,motorcycle,0,No,Metropolitian,21,morning,15,2.7
458,26,3.9,Sunny,Jam,0,Meal,motorcycle,0,No,Metropolitian,46,evening,5,7.3
459,39,4.7,Fog,Medium,2,Snack,scooter,0,No,Metropolitian,18,afternoon,10,14.1
460,27,4.8,Fog,Low,1,Meal,motorcycle,0,No,Urban,10,morning,5,3.2
461,38,4.7,Sunny,Medium,0,Drinks,motorcycle,1,No,Metropolitian,29,evening,5,8
462,25,5,Fog,Jam,1,Buffet,motorcycle,1,No,Metropolitian,35,evening,15,14.7
463,31,4.7,Cloudy,Medium,1,Drinks,motorcycle,1,No,Urban,17,evening,10,12.7
464,22,4.6,Sunny,Low,0,Drinks,motorcycle,0,No,Metropolitian,16,morning,10,2.9
465,27,4.8,Fog,Low,1,Buffet,motorcycle,1,No,Metropolitian,22,night,15,24.4
466,29,4.5,Windy,Low,0,Buffet,motorcycle,0,No,Urban,17,night,15,31.6
467,27,4.2,Sandstorms,Low,0,Meal,motorcycle,1,No,Urban,18,night,15,12.6
468,35,5,Stormy,High,0,Snack,motorcycle,1,No,Metropolitian,43,morning,10,4.8
469,34,4.5,Stormy,Medium,2,Drinks,electric_scooter,1,No,Metropolitian,23,evening,15,23.7
470,28,4.9,Sandstorms,Medium,2,Buffet,motorcycle,1,No,Metropolitian,27,evening,10,6.4
471,25,4.2,Windy,Low,0,Buffet,motorcycle,1,No,Metropolitian,29,morning,5,5.2
472,36,4.7,Windy,High,2,Drinks,motorcycle,1,No,Urban,25,afternoon,15,6.1
473,22,5,Sunny,Jam,0,Snack,motorcycle,2,No,Metropolitian,34,night,15,31.8
474,39,4.9,Windy,Jam,2,Buffet,scooter,1,No,Metropolitian,29,night,15,16.3
475,34,4.7,Fog,Jam,1,Snack,motorcycle,1,No,Metropolitian,34,night,10,14.4
476,33,4.8,Stormy,Low,1,Meal,scooter,1,No,Metropolitian,28,morning,10,3.6
477,31,4.6,Sandstorms,Medium,0,Snack,motorcycle,1,No,Urban,26,evening,5,12
478,29,4.7,Sandstorms,Medium,1,Meal,scooter,0,No,Metropolitian,23,evening,10,29.1
479,32,3.8,Windy,Jam,2,Drinks,motorcycle,0,No,Metropolitian,31,evening,5,22
480,29,4,Stormy,Jam,0,Meal,motorcycle,1,No,Urban,33,night,10,24
481,39,4.7,Fog,Low,2,Snack,electric_scooter,1,No,Metropolitian,16,morning,5,3
482,20,4.9,Windy,High,0,Snack,motorcycle,1,No,Metropolitian,16,morning,5,6
483,22,4.9,Cloudy,Low,0,Buffet,motorcycle,1,No,Metropolitian,22,night,15,24.2
484,34,4.8,Fog,Low,2,Meal,motorcycle,0,No,Metropolitian,28,night,10,16.3
485,25,4.9,Windy,Medium,2,Meal,scooter,1,No,Metropolitian,29,evening,5,12
486,35,4.8,Fog,Jam,1,Drinks,motorcycle,1,No,Metropolitian,30,evening,10,16.7
487,24,4.5,Fog,Low,0,Meal,motorcycle,0,No,Metropolitian,24,night,5,12.8
488,37,5,Sandstorms,Medium,2,Meal,scooter,1,No,Urban,29,evening,15,18
489,27,4.4,Stormy,Medium,0,Buffet,motorcycle,1,No,Metropolitian,33,evening,5,22.3
490,27,4.1,Fog,Jam,2,Snack,motorcycle,0,No,Metropolitian,44,evening,5,14.9
491,38,4.8,Windy,Low,2,Buffet,electric_scooter,0,No,Metropolitian,27,morning,10,4.9
492,37,4.1,Sunny,Medium,0,Buffet,motorcycle,2,No,Metropolitian,38,evening,15,19.1
493,35,4.6,Sandstorms,Medium,0,Drinks,motorcycle,0,No,Metropolitian,37,evening,10,26.4
494,25,4.9,Windy,High,2,Snack,scooter,1,No,Metropolitian,20,afternoon,10,8.1
495,28,4.8,Cloudy,Jam,2,Snack,electric_scooter,0,No,Metropolitian,37,night,10,29.3
496,33,4.6,Cloudy,Low,1,Buffet,motorcycle,1,No,Metropolitian,19,morning,10,5.4
497,29,4.9,Sandstorms,Jam,2,Snack,motorcycle,1,No,Metropolitian,24,evening,10,16.6
498,21,4.7,Stormy,Medium,1,Snack,scooter,1,No,Metropolitian,15,evening,15,21.8
499,32,4.9,Sunny,Jam,1,Meal,scooter,1,No,Metropolitian,16,night,5,11.2
500,29,4.8,Sunny,Jam,1,Drinks,scooter,0,No,Urban,10,evening,15,6.6
501,38,4.8,Sunny,Low,1,Snack,scooter,1,No,Urban,17,morning,5,5.1
502,28,4.8,Sunny,Low,2,Drinks,scooter,0,No,Metropolitian,16,morning,5,5.3
503,20,4.9,Stormy,Jam,1,Buffet,motorcycle,1,No,Metropolitian,27,evening,5,8.5
504,23,4.7,Fog,Jam,1,Buffet,motorcycle,1,No,Metropolitian,33,night,15,30
505,23,5,Fog,Medium,1,Buffet,scooter,1,No,Metropolitian,30,evening,5,26.2
506,25,4.7,Sandstorms,Medium,0,Meal,motorcycle,1,No,Metropolitian,28,evening,5,29.5
507,39,4.9,Stormy,Medium,0,Buffet,motorcycle,1,No,Metropolitian,39,evening,10,16.8
508,28,4.5,Stormy,Jam,2,Buffet,scooter,0,No,Urban,23,night,15,27.7
509,25,4.6,Windy,Low,1,Drinks,motorcycle,1,No,Metropolitian,17,night,5,47.5
510,38,4.8,Windy,Low,1,Snack,motorcycle,1,No,Urban,28,morning,5,2.3
511,29,4.6,Sandstorms,Low,1,Snack,motorcycle,0,No,Metropolitian,19,night,15,30
512,23,4.6,Sunny,Jam,2,Meal,scooter,1,No,Urban,19,night,10,16.5
513,28,4.1,Fog,Jam,1,Buffet,scooter,1,No,Metropolitian,44,evening,5,17.8
514,20,4.7,Cloudy,Low,1,Meal,scooter,0,No,Urban,20,night,10,21.1
515,33,4.9,Sunny,Low,2,Meal,motorcycle,0,No,Metropolitian,14,morning,15,5.3
516,38,4.1,Fog,Medium,1,Buffet,motorcycle,2,No,Metropolitian,36,evening,15,14.4
517,22,4.7,Cloudy,Low,2,Drinks,electric_scooter,0,No,Metropolitian,26,night,15,33.5
518,26,4.6,Cloudy,Jam,0,Snack,motorcycle,1,No,Metropolitian,21,evening,5,9
519,25,4.9,Windy,Jam,2,Snack,scooter,1,No,Metropolitian,28,evening,5,24.7
520,38,4.2,Fog,High,0,Meal,motorcycle,0,No,Metropolitian,33,afternoon,15,11.9
521,20,4.4,Fog,Jam,2,Snack,scooter,1,No,Metropolitian,34,evening,5,11.4
522,27,4.8,Stormy,Low,2,Meal,scooter,1,No,Urban,16,morning,15,5
523,37,4.8,Stormy,Jam,0,Meal,motorcycle,2,No,Urban,37,night,10,14.9
524,35,4.9,Fog,Jam,0,Snack,motorcycle,1,No,Metropolitian,48,evening,5,14.8
525,26,4.7,Stormy,Medium,0,Meal,motorcycle,0,No,Urban,11,evening,5,12.1
526,37,4.9,Sunny,Low,1,Snack,motorcycle,0,No,Urban,14,morning,10,11.7
527,23,5,Sunny,Jam,1,Drinks,motorcycle,1,No,Urban,24,evening,15,36.1
528,34,4.5,Sandstorms,Low,1,Drinks,motorcycle,0,No,Metropolitian,18,night,5,26.7
529,24,4.8,Fog,Medium,0,Meal,motorcycle,1,No,Metropolitian,29,evening,15,6.6
530,37,4.6,Sunny,Medium,0,Drinks,motorcycle,1,No,Metropolitian,36,evening,15,24.1
531,36,5,Stormy,Low,0,Meal,motorcycle,1,No,Metropolitian,27,night,15,26.5
532,30,3.7,Stormy,Jam,1,Snack,motorcycle,1,No,Metropolitian,34,night,10,32.3
533,24,4.6,Stormy,Low,0,Buffet,motorcycle,1,No,Urban,21,night,10,16.2
534,24,4.7,Windy,Jam,0,Buffet,motorcycle,0,No,Metropolitian,38,night,15,19.3
535,31,4.7,Fog,Jam,2,Drinks,motorcycle,2,No,Metropolitian,41,evening,5,18.1
536,33,4.1,Sandstorms,Jam,0,Snack,motorcycle,1,No,Urban,35,night,10,23.3
537,23,4.8,Sandstorms,Low,2,Meal,motorcycle,1,No,Metropolitian,15,night,5,16.3
538,38,4.3,Fog,Jam,2,Buffet,electric_scooter,1,Yes,Metropolitian,48,night,10,24.4
539,28,4.5,Cloudy,Low,2,Snack,motorcycle,1,No,Metropolitian,28,night,5,49
540,37,4.9,Cloudy,Low,2,Meal,electric_scooter,0,No,Metropolitian,19,morning,15,5.4
541,27,4.9,Stormy,Medium,0,Buffet,motorcycle,1,No,Metropolitian,19,evening,10,11.8
542,38,4.2,Fog,High,2,Buffet,motorcycle,1,No,Metropolitian,31,morning,5,4.8
543,36,4.3,Stormy,Low,0,Meal,motorcycle,1,No,Metropolitian,31,night,5,11.6
544,26,4.1,Stormy,Low,0,Drinks,motorcycle,0,No,Metropolitian,21,night,10,7.7
545,33,4.5,Sunny,Medium,0,Buffet,motorcycle,1,No,Metropolitian,24,evening,5,12.3
546,21,4.7,Cloudy,Medium,1,Buffet,scooter,1,No,Metropolitian,35,evening,5,30.2
547,25,4.6,Sunny,Medium,2,Snack,motorcycle,0,No,Metropolitian,15,evening,10,18.8
548,39,4.9,Fog,Low,2,Buffet,motorcycle,1,No,Metropolitian,19,morning,5,4.3
549,32,4.8,Stormy,Low,2,Meal,scooter,1,No,Metropolitian,20,morning,5,4
550,31,4.8,Cloudy,Medium,2,Buffet,motorcycle,0,No,Metropolitian,19,afternoon,5,15.5
551,28,4.7,Windy,Low,2,Snack,scooter,0,No,Urban,17,night,5,19.4
552,27,4.4,Sandstorms,Low,0,Meal,motorcycle,1,No,Metropolitian,15,morning,15,5
553,37,4.7,Sunny,Medium,0,Drinks,motorcycle,0,No,Metropolitian,39,evening,10,19.8
554,39,4.3,Windy,Jam,0,Snack,motorcycle,1,No,Metropolitian,35,evening,15,30.8
555,34,4.8,Windy,Medium,1,Meal,motorcycle,1,No,Metropolitian,25,evening,15,20.3
556,38,5,Cloudy,Low,1,Buffet,scooter,1,No,Metropolitian,27,night,5,16.9
557,29,4.7,Cloudy,Medium,2,Meal,motorcycle,0,No,Urban,12,evening,5,11.2
558,25,5,Fog,Jam,0,Meal,motorcycle,0,No,Metropolitian,42,night,5,18.9
559,20,4.7,Windy,Jam,0,Snack,motorcycle,0,No,Metropolitian,25,night,10,34.6
560,23,4.6,Fog,Medium,0,Snack,motorcycle,1,No,Urban,39,evening,5,23.5
561,24,4.9,Sandstorms,Low,1,Buffet,scooter,0,No,Urban,10,morning,10,2.1
562,34,4.4,Fog,Low,0,Buffet,motorcycle,1,No,Metropolitian,40,night,15,23.2
563,23,4.9,Cloudy,Jam,0,Buffet,motorcycle,1,No,Metropolitian,41,evening,5,18.7
564,36,4.8,Fog,Jam,1,Snack,motorcycle,2,No,Metropolitian,39,evening,10,25.2
565,22,4.6,Fog,Jam,1,Meal,scooter,1,No,Metropolitian,27,evening,5,13.3
566,28,4.8,Stormy,Jam,1,Buffet,scooter,0,No,Metropolitian,19,evening,15,18.8
567,21,4.6,Sandstorms,Medium,0,Drinks,motorcycle,0,No,Metropolitian,11,afternoon,15,17.2
568,24,4.7,Sunny,Medium,0,Meal,motorcycle,0,No,Urban,15,afternoon,10,11.4
569,29,4.9,Fog,Jam,1,Drinks,scooter,1,No,Metropolitian,37,evening,5,16.3
570,28,4.8,Cloudy,Medium,1,Snack,scooter,1,No,Urban,17,afternoon,5,10.1
571,28,4.8,Stormy,Low,0,Buffet,motorcycle,1,No,Metropolitian,24,night,15,30.2
572,24,4.8,Cloudy,Jam,1,Meal,motorcycle,1,No,Metropolitian,30,evening,15,31
573,29,4.9,Stormy,Jam,1,Snack,motorcycle,0,No,Metropolitian,25,night,10,19.8
574,39,4.7,Windy,Low,2,Drinks,scooter,0,No,Metropolitian,25,morning,5,2.5
575,36,4.6,Sunny,Medium,0,Snack,motorcycle,1,No,Metropolitian,22,evening,5,8.6
576,23,4.8,Sunny,Jam,2,Meal,scooter,0,No,Urban,19,night,5,16.8
577,30,3.8,Stormy,Jam,2,Snack,scooter,1,No,Urban,32,evening,10,37.2
578,38,4.5,Sandstorms,Jam,2,Meal,scooter,1,No,Metropolitian,29,evening,10,11.2
579,29,4.6,Fog,Low,1,Snack,scooter,1,No,Metropolitian,21,night,15,24.3
580,35,4.6,Fog,Jam,0,Meal,motorcycle,1,Yes,Metropolitian,51,evening,5,26.8
581,25,4.6,Cloudy,Medium,1,Meal,scooter,1,No,Metropolitian,17,afternoon,5,9.3
582,35,4.8,Cloudy,High,2,Drinks,motorcycle,1,No,Metropolitian,27,morning,10,4.6
583,28,5,Windy,High,2,Buffet,scooter,1,No,Metropolitian,21,afternoon,10,8.3
584,37,4.8,Sunny,Low,2,Snack,motorcycle,0,No,Urban,12,night,5,8.5
585,36,4.8,Windy,Low,1,Snack,motorcycle,0,No,Metropolitian,22,night,5,13
586,32,5,Sunny,Low,2,Drinks,motorcycle,1,No,Metropolitian,16,night,15,19.2
587,22,4.8,Fog,Jam,1,Drinks,motorcycle,1,No,Metropolitian,20,evening,5,8.7
588,24,4.6,Fog,Jam,1,Snack,motorcycle,1,No,Metropolitian,38,evening,15,17.2
589,38,4.9,Sunny,Low,0,Buffet,motorcycle,1,No,Urban,26,morning,10,2.3
590,38,4.2,Sunny,Jam,2,Meal,scooter,2,No,Urban,33,evening,10,20.7
591,30,5,Cloudy,Low,0,Meal,motorcycle,1,No,Metropolitian,29,night,15,14.4
592,26,4.8,Cloudy,Jam,0,Snack,motorcycle,2,No,Metropolitian,38,evening,5,15.7
593,36,4.6,Sunny,Jam,2,Buffet,scooter,1,No,Metropolitian,18,evening,10,33.5
594,36,4.7,Stormy,Jam,1,Drinks,scooter,0,No,Metropolitian,28,evening,10,19.2
595,20,4.6,Windy,Jam,0,Meal,motorcycle,1,No,Urban,30,evening,5,20.8
596,34,4.9,Stormy,Medium,1,Buffet,motorcycle,1,No,Metropolitian,29,afternoon,5,10.3
597,28,4.7,Cloudy,Low,0,Meal,motorcycle,1,No,Metropolitian,22,night,5,17
598,22,4.8,Fog,Low,1,Snack,scooter,0,No,Metropolitian,13,morning,10,2.6
599,32,4.6,Fog,Jam,2,Meal,scooter,0,No,Metropolitian,25,night,10,14.4
600,29,4.6,Sandstorms,Low,2,Meal,scooter,1,No,Metropolitian,16,night,10,24.7
601,22,5,Sandstorms,High,2,Buffet,scooter,1,No,Metropolitian,16,afternoon,10,2.6
602,25,4.9,Windy,Low,2,Drinks,scooter,1,No,Metropolitian,17,night,10,7.5
603,39,4.8,Stormy,Medium,2,Buffet,scooter,1,No,Urban,30,evening,15,18.9
604,30,4.9,Windy,High,1,Meal,motorcycle,1,No,Metropolitian,25,morning,5,7
605,20,5,Cloudy,Jam,1,Buffet,scooter,1,No,Metropolitian,38,night,15,41.9
606,24,4.6,Sunny,Jam,1,Meal,scooter,0,No,Metropolitian,11,evening,15,9.3
607,35,4,Cloudy,Jam,1,Buffet,scooter,1,No,Metropolitian,37,evening,5,13
608,26,4.7,Stormy,Jam,1,Meal,scooter,1,No,Metropolitian,19,evening,15,16.4
609,25,4.9,Sunny,Medium,2,Snack,scooter,0,No,Urban,16,evening,15,24.3
610,37,5,Windy,Jam,1,Drinks,scooter,1,No,Metropolitian,27,night,10,14.2
611,38,4.9,Stormy,Medium,1,Snack,motorcycle,1,No,Metropolitian,26,evening,15,12.9
612,32,4.3,Fog,Jam,0,Buffet,motorcycle,1,No,Metropolitian,33,evening,5,14.6
613,38,4.6,Sandstorms,Jam,0,Meal,motorcycle,1,No,Metropolitian,46,evening,15,15.9
614,33,4.2,Sandstorms,Jam,0,Meal,motorcycle,3,No,Metropolitian,46,evening,5,13.5
615,35,4.6,Stormy,Low,1,Drinks,scooter,0,No,Urban,21,night,10,25
616,37,4,Cloudy,Jam,1,Snack,motorcycle,3,No,Metropolitian,47,night,15,21.8
617,30,4.8,Sandstorms,Medium,1,Meal,scooter,0,No,Urban,22,evening,10,24.3
618,31,4.6,Sandstorms,Low,2,Meal,scooter,1,No,Urban,24,night,15,21.2
619,24,4.5,Sandstorms,Jam,2,Buffet,scooter,1,No,Metropolitian,23,night,15,22.4
620,21,4.6,Fog,Low,0,Meal,motorcycle,1,No,Metropolitian,24,night,5,20.9
621,33,4.1,Sunny,Jam,0,Drinks,motorcycle,1,No,Metropolitian,41,evening,10,14.3
622,39,4,Stormy,Medium,0,Snack,motorcycle,2,No,Metropolitian,38,evening,5,16.5
623,24,4.6,Windy,High,0,Snack,motorcycle,1,No,Metropolitian,20,afternoon,15,5
624,31,4,Sandstorms,Medium,0,Meal,motorcycle,1,No,Metropolitian,34,afternoon,5,9.6
625,21,4.6,Windy,Medium,0,Buffet,motorcycle,0,No,Metropolitian,34,evening,5,25.5
626,38,4.9,Sunny,Low,1,Buffet,scooter,1,No,Metropolitian,23,night,15,18.6
627,31,4.9,Windy,Jam,2,Meal,scooter,1,No,Metropolitian,29,evening,5,20.1
628,23,4.2,Stormy,Medium,0,Buffet,motorcycle,1,No,Urban,35,evening,5,18.5
629,39,4.4,Sandstorms,Medium,0,Snack,motorcycle,1,No,Metropolitian,31,evening,10,7.6
630,28,4.7,Sunny,High,1,Snack,motorcycle,0,No,Urban,11,afternoon,15,10.3
631,37,4.8,Windy,Jam,2,Snack,scooter,1,No,Metropolitian,27,evening,10,19.3
632,32,4.7,Sandstorms,Medium,1,Drinks,scooter,0,No,Metropolitian,30,evening,15,7.1
633,22,4.7,Sunny,Medium,0,Meal,motorcycle,1,No,Metropolitian,23,evening,5,12.2
634,21,4.6,Fog,Medium,0,Buffet,motorcycle,1,No,Metropolitian,26,afternoon,5,11.4
635,35,4.5,Stormy,Low,1,Drinks,motorcycle,0,No,Metropolitian,27,night,5,8.1
636,34,4.8,Stormy,Jam,0,Drinks,motorcycle,1,No,Metropolitian,43,night,5,28.8
637,22,4.7,Cloudy,Medium,2,Snack,scooter,1,No,Metropolitian,16,evening,5,12.9
638,23,4.7,Sandstorms,Low,1,Drinks,motorcycle,1,No,Urban,16,night,10,29.4
639,22,4.4,Fog,Medium,1,Snack,motorcycle,0,No,Metropolitian,39,evening,10,22.7
640,29,4.6,Stormy,Low,0,Meal,motorcycle,1,No,Urban,24,night,15,20.5
641,20,4.6,Windy,Jam,1,Snack,motorcycle,1,No,Metropolitian,26,evening,5,28.5
642,20,4.7,Cloudy,Low,0,Buffet,motorcycle,1,No,Metropolitian,19,night,15,15.8
643,24,4.4,Windy,High,0,Buffet,motorcycle,0,No,Metropolitian,34,morning,10,5.2
644,20,4.9,Sandstorms,High,0,Drinks,motorcycle,1,No,Urban,17,afternoon,15,3.7
645,28,4.7,Stormy,Jam,2,Drinks,scooter,1,No,Metropolitian,29,night,15,18.7
646,32,4.8,Sunny,Jam,0,Meal,motorcycle,3,Yes,Metropolitian,44,evening,10,25.7
647,23,4.7,Cloudy,Low,2,Meal,motorcycle,1,No,Metropolitian,19,night,5,11.4
648,22,4.8,Stormy,Jam,2,Meal,electric_scooter,1,No,Metropolitian,25,night,15,15.3
649,29,4.8,Windy,Jam,0,Drinks,motorcycle,1,No,Metropolitian,30,evening,10,21.2
650,23,4.5,Fog,Low,0,Buffet,motorcycle,0,No,Metropolitian,23,morning,5,3.6
651,28,4.8,Sunny,Low,2,Meal,motorcycle,0,No,Metropolitian,19,morning,10,5.7
652,22,4.7,Cloudy,Jam,2,Drinks,motorcycle,0,No,Metropolitian,33,evening,10,11.1
653,32,4.8,Cloudy,Low,0,Meal,motorcycle,2,No,Urban,37,night,15,25
654,20,4.6,Sunny,Jam,2,Snack,scooter,1,No,Urban,10,evening,5,12.4
655,30,4.1,Sunny,Jam,0,Meal,motorcycle,1,No,Metropolitian,37,evening,10,18
656,34,4.8,Sunny,Jam,1,Drinks,scooter,1,No,Metropolitian,28,night,15,24.4
657,21,4.5,Cloudy,Medium,0,Meal,motorcycle,1,No,Metropolitian,32,evening,15,19.3
658,28,4.9,Stormy,Low,2,Meal,scooter,0,No,Urban,17,night,5,17
659,39,4.6,Sandstorms,Medium,2,Snack,motorcycle,1,No,Metropolitian,30,evening,10,24.4
660,33,4.4,Windy,High,1,Buffet,motorcycle,0,No,Metropolitian,32,afternoon,15,10.1
661,34,4.5,Sunny,Low,0,Buffet,motorcycle,1,No,Metropolitian,29,night,15,16.8
662,33,5,Sandstorms,Medium,0,Buffet,motorcycle,2,No,Metropolitian,33,evening,10,20
663,37,4.9,Sandstorms,Medium,0,Drinks,motorcycle,1,No,Metropolitian,38,afternoon,10,7.7
664,38,4.1,Windy,Medium,2,Snack,electric_scooter,1,No,Metropolitian,32,evening,15,19.3
665,35,4.1,Sunny,Medium,0,Buffet,motorcycle,0,No,Metropolitian,38,evening,5,23.5
666,27,4.3,Cloudy,Medium,1,Meal,motorcycle,1,No,Metropolitian,32,evening,10,19
667,20,4.6,Sandstorms,Low,1,Drinks,scooter,0,No,Metropolitian,13,morning,10,4.6
668,22,5,Sunny,Jam,2,Drinks,motorcycle,1,No,Urban,15,night,15,30.4
669,36,4.6,Sandstorms,Jam,1,Snack,scooter,1,No,Metropolitian,25,evening,5,9.1
670,36,4.6,Fog,High,2,Meal,electric_scooter,0,No,Metropolitian,25,morning,15,5.9
671,32,4.6,Cloudy,Jam,2,Snack,motorcycle,1,No,Urban,46,evening,5,22.9
672,20,4.8,Sunny,Low,2,Buffet,scooter,1,No,Metropolitian,21,night,5,7.3
673,20,4.7,Cloudy,Low,0,Drinks,motorcycle,1,No,Urban,16,night,15,11.2
674,32,4.9,Fog,Low,0,Meal,motorcycle,0,No,Urban,29,morning,15,5.4
675,22,4.8,Fog,Low,2,Drinks,scooter,0,No,Metropolitian,12,night,10,12.7
676,25,4.9,Sunny,High,1,Drinks,scooter,0,No,Urban,13,morning,15,2.7
677,29,4.8,Windy,Jam,2,Drinks,motorcycle,1,No,Metropolitian,25,evening,10,18.9
678,38,4.8,Fog,Low,1,Buffet,scooter,0,No,Urban,16,morning,5,4
679,31,4.5,Windy,Jam,1,Buffet,motorcycle,2,No,Metropolitian,39,evening,15,47.3
680,39,4,Cloudy,Jam,1,Snack,motorcycle,1,No,Metropolitian,37,evening,5,21.8
681,32,4.9,Sunny,High,0,Meal,motorcycle,1,No,Metropolitian,24,morning,15,3
682,35,4.9,Sandstorms,Low,1,Snack,scooter,1,No,Urban,25,morning,10,3.6
683,27,4.9,Stormy,Medium,1,Meal,scooter,0,No,Metropolitian,20,evening,10,10.3
684,22,4.9,Windy,Jam,1,Meal,scooter,0,No,Metropolitian,18,night,10,18.2
685,36,4.1,Windy,Low,0,Buffet,motorcycle,0,No,Metropolitian,24,night,5,18.3
686,29,4.7,Stormy,Medium,1,Snack,motorcycle,1,No,Metropolitian,26,afternoon,10,8.3
687,32,4,Windy,Medium,0,Snack,motorcycle,1,No,Urban,40,evening,15,21.3
688,31,4,Fog,Medium,1,Drinks,motorcycle,1,No,Metropolitian,44,evening,10,15.4
689,20,4.9,Windy,Jam,1,Snack,scooter,0,No,Urban,26,night,15,30.2
690,22,4.7,Stormy,Medium,2,Meal,scooter,0,No,Metropolitian,24,evening,10,7.4
691,20,4.9,Sandstorms,High,1,Meal,scooter,0,No,Urban,14,afternoon,15,8.3
692,23,4.8,Sunny,Low,2,Meal,scooter,0,No,Metropolitian,24,night,5,10.9
693,28,4.8,Stormy,Low,0,Snack,motorcycle,0,No,Urban,15,night,15,20.9
694,30,5,Windy,Jam,2,Snack,motorcycle,1,No,Metropolitian,25,night,5,27.5
695,25,4.7,Sunny,Jam,1,Buffet,scooter,0,No,Urban,19,evening,5,15.4
696,27,4.7,Sunny,High,1,Snack,motorcycle,1,No,Urban,15,morning,15,7
697,24,4.9,Stormy,Medium,2,Meal,scooter,0,No,Metropolitian,24,evening,15,28.1
698,22,4.6,Fog,Low,0,Meal,motorcycle,1,No,Metropolitian,23,night,15,26.9
699,21,4.8,Sandstorms,Low,2,Meal,motorcycle,0,No,Urban,13,morning,5,6.2
700,35,4.6,Sandstorms,Low,1,Meal,scooter,0,No,Metropolitian,21,night,15,8.7
701,23,4.5,Fog,Jam,2,Drinks,motorcycle,1,No,Urban,27,night,5,7.2
702,31,4.9,Cloudy,Medium,0,Buffet,motorcycle,1,No,Metropolitian,30,afternoon,15,8.2
703,20,4.8,Sandstorms,Medium,2,Drinks,electric_scooter,1,No,Metropolitian,20,afternoon,5,10.3
704,39,4.8,Sandstorms,High,2,Buffet,scooter,1,No,Metropolitian,29,afternoon,5,10.7
705,33,4.9,Windy,Low,1,Snack,motorcycle,1,No,Metropolitian,26,night,15,12.6
706,22,4.9,Fog,Jam,1,Meal,motorcycle,1,No,Metropolitian,25,evening,10,13.4
707,34,4.7,Stormy,High,0,Meal,motorcycle,3,No,Metropolitian,44,afternoon,15,2.7
708,26,4.8,Fog,Jam,1,Meal,motorcycle,1,No,Metropolitian,26,evening,10,7.4
709,22,4.9,Sandstorms,Medium,0,Snack,motorcycle,0,No,Metropolitian,12,evening,10,23.6
710,30,4.7,Sandstorms,Low,1,Meal,motorcycle,1,No,Metropolitian,29,night,10,6.6
711,23,4.7,Cloudy,Jam,2,Meal,electric_scooter,1,No,Metropolitian,38,night,15,29.1
712,36,4.3,Stormy,Medium,2,Snack,scooter,1,No,Metropolitian,35,evening,10,26
713,29,5,Fog,Jam,1,Meal,motorcycle,1,No,Urban,20,evening,5,11.5
714,36,4.9,Sunny,Low,0,Drinks,motorcycle,0,No,Metropolitian,21,morning,10,3.2
715,27,5,Sandstorms,Medium,0,Meal,motorcycle,1,No,Metropolitian,26,afternoon,15,7.7
716,30,4.9,Windy,Jam,1,Buffet,scooter,1,No,Metropolitian,34,evening,10,14.3
717,39,4.1,Windy,Jam,1,Snack,motorcycle,1,No,Metropolitian,32,night,15,14.4
718,33,4.9,Sunny,Low,0,Meal,motorcycle,1,No,Metropolitian,21,morning,15,5.7
719,31,4.8,Cloudy,Medium,2,Buffet,scooter,1,No,Metropolitian,18,evening,10,16.9
720,24,4.5,Fog,Medium,2,Buffet,scooter,0,No,Metropolitian,25,evening,10,24.1
721,21,5,Sunny,Jam,1,Snack,motorcycle,0,No,Metropolitian,18,night,15,19.1
722,27,4.6,Stormy,Low,1,Snack,scooter,0,No,Metropolitian,18,morning,5,5.9
723,38,4.7,Sandstorms,Low,1,Meal,motorcycle,1,No,Metropolitian,29,night,5,10.2
724,39,4.8,Stormy,Medium,0,Snack,motorcycle,1,No,Metropolitian,39,evening,15,7.4
725,34,4.6,Cloudy,High,2,Buffet,scooter,1,No,Metropolitian,29,morning,10,6.6
726,36,4.3,Windy,Jam,0,Meal,motorcycle,1,Yes,Metropolitian,44,night,10,32.7
727,27,4.1,Fog,Jam,1,Buffet,motorcycle,1,No,Metropolitian,32,night,5,18.3
728,31,4.4,Windy,Jam,0,Drinks,motorcycle,1,No,Urban,40,evening,10,17.8
729,26,4.5,Cloudy,Low,2,Drinks,scooter,1,No,Metropolitian,23,night,10,16.4
730,35,4.7,Sunny,High,1,Meal,scooter,0,No,Metropolitian,24,afternoon,15,12.8
731,32,5,Stormy,Medium,0,Snack,motorcycle,2,No,Metropolitian,41,evening,5,17
732,32,4.5,Sandstorms,Jam,1,Buffet,motorcycle,0,No,Metropolitian,37,evening,5,22.1
733,20,4.5,Sandstorms,Medium,2,Drinks,motorcycle,1,No,Metropolitian,24,evening,15,16.5
734,28,4.6,Stormy,Jam,2,Snack,electric_scooter,1,No,Urban,14,evening,15,7.3
735,23,4.7,Cloudy,Medium,2,Buffet,motorcycle,0,No,Metropolitian,38,evening,5,17.1
736,33,4,Cloudy,Jam,2,Buffet,scooter,1,No,Metropolitian,35,evening,10,14.2
737,38,4.3,Fog,High,2,Snack,electric_scooter,1,No,Metropolitian,37,morning,5,2.6
738,37,4.4,Fog,Low,0,Snack,motorcycle,1,No,Metropolitian,44,night,15,28
739,32,4.6,Sunny,Jam,0,Snack,motorcycle,0,No,Urban,24,night,10,8.9
740,33,4.5,Sandstorms,Low,2,Snack,motorcycle,0,No,Urban,28,night,5,19.5
741,20,5,Cloudy,Low,2,Snack,electric_scooter,1,No,Urban,28,night,15,24.3
742,36,4.7,Stormy,Jam,2,Snack,electric_scooter,1,No,Metropolitian,25,evening,15,14.9
743,21,5,Windy,Jam,2,Meal,scooter,1,No,Metropolitian,18,night,15,23.9
744,33,4.6,Sandstorms,Low,2,Buffet,motorcycle,0,No,Metropolitian,21,night,15,66
745,32,4.8,Windy,Medium,1,Buffet,motorcycle,1,No,Metropolitian,30,evening,5,6.6
746,39,4.5,Sunny,High,1,Drinks,motorcycle,1,No,Metropolitian,19,morning,10,4.7
747,22,4.9,Cloudy,High,2,Meal,scooter,1,No,Metropolitian,30,afternoon,15,3.8
748,28,4.9,Fog,Jam,1,Drinks,motorcycle,1,No,Metropolitian,31,evening,10,17
749,38,4.7,Windy,Jam,2,Snack,electric_scooter,1,No,Metropolitian,30,night,10,11.7
750,32,4.6,Sandstorms,Medium,0,Drinks,motorcycle,1,No,Metropolitian,37,evening,10,16.5
751,37,4.8,Windy,Low,0,Drinks,motorcycle,1,No,Metropolitian,27,night,10,26.6
752,33,4.9,Sandstorms,Medium,2,Buffet,motorcycle,1,No,Metropolitian,29,evening,5,12.6
753,29,4.7,Stormy,High,0,Meal,motorcycle,2,Yes,Metropolitian,39,afternoon,15,36.3
754,29,4.5,Fog,Low,0,Drinks,motorcycle,0,No,Urban,24,night,5,27.5
755,28,4.9,Cloudy,Medium,2,Meal,motorcycle,0,No,Metropolitian,17,evening,5,13
756,34,5,Sandstorms,High,0,Snack,motorcycle,1,No,Metropolitian,33,morning,5,4.4
757,24,4.6,Fog,Jam,2,Snack,scooter,1,No,Urban,38,night,5,30.8
758,28,5,Windy,Jam,2,Buffet,motorcycle,0,No,Metropolitian,17,night,15,16.7
759,26,4.9,Sunny,Medium,0,Drinks,motorcycle,1,No,Urban,15,evening,15,28.8
760,35,4.6,Cloudy,Medium,0,Meal,motorcycle,1,No,Metropolitian,36,evening,10,23.4
761,23,5,Sunny,High,2,Buffet,scooter,0,No,Urban,14,morning,5,6.4
762,24,4.9,Stormy,Low,2,Drinks,electric_scooter,0,No,Urban,17,night,5,12.4
763,21,4.6,Windy,Medium,0,Snack,motorcycle,1,No,Urban,20,evening,15,19
764,26,4.5,Windy,Jam,1,Meal,scooter,0,No,Urban,17,evening,5,30.5
765,25,4.8,Cloudy,Low,2,Drinks,scooter,1,No,Metropolitian,21,night,5,21.7
766,35,4.5,Windy,Low,2,Snack,electric_scooter,0,No,Urban,27,night,10,25
767,29,4.9,Sandstorms,Low,0,Snack,motorcycle,0,No,Urban,21,night,15,25.2
768,29,4.9,Windy,Medium,1,Snack,motorcycle,1,No,Metropolitian,29,evening,15,14.8
769,25,4.5,Sunny,Jam,2,Drinks,motorcycle,0,No,Metropolitian,11,night,5,18.7
770,31,4.9,Sunny,High,2,Meal,electric_scooter,1,No,Metropolitian,21,morning,5,5.2
771,26,4.1,Stormy,Low,0,Meal,motorcycle,0,No,Urban,22,night,15,17.4
772,22,4.7,Fog,High,0,Meal,motorcycle,0,No,Metropolitian,26,afternoon,10,8.6
773,26,4.7,Sandstorms,Medium,1,Snack,scooter,1,No,Metropolitian,23,evening,10,20.3
774,29,4.6,Cloudy,Jam,2,Meal,electric_scooter,1,No,Metropolitian,30,night,5,13.1
775,24,4.8,Sandstorms,Medium,1,Drinks,scooter,1,No,Metropolitian,23,evening,10,27.1
776,37,4.7,Fog,Low,1,Buffet,motorcycle,0,No,Metropolitian,18,morning,10,2.3
777,27,4.8,Sandstorms,Medium,2,Snack,scooter,0,No,Metropolitian,17,evening,15,37
778,25,4.6,Cloudy,Jam,1,Buffet,motorcycle,0,No,Metropolitian,38,night,15,33.7
779,34,4.7,Fog,Medium,0,Snack,motorcycle,2,No,Metropolitian,43,evening,10,16.9
780,28,4.6,Windy,Jam,1,Snack,scooter,0,No,Metropolitian,11,night,10,15.2
781,25,4.6,Sandstorms,Jam,0,Buffet,motorcycle,0,No,Metropolitian,28,evening,10,25.1
782,28,4.9,Sandstorms,Jam,1,Buffet,scooter,1,No,Metropolitian,17,evening,10,10.9
783,32,4.7,Windy,Medium,1,Meal,motorcycle,1,No,Metropolitian,28,evening,15,12.5
784,23,2.6,Sunny,Low,1,Drinks,scooter,1,No,Metropolitian,43,night,15,34
785,36,4.6,Cloudy,Medium,0,Snack,motorcycle,1,No,Urban,25,afternoon,15,11.7
786,20,4.3,Stormy,Low,0,Drinks,motorcycle,1,No,Metropolitian,24,morning,5,3.7
787,24,4.7,Sunny,Jam,1,Drinks,scooter,1,No,Urban,23,night,10,16.9
788,32,4.9,Fog,Jam,2,Buffet,electric_scooter,1,No,Urban,27,night,15,18.7
789,25,4.9,Stormy,Low,1,Meal,scooter,1,No,Metropolitian,19,night,15,14.7
790,39,5,Stormy,Low,1,Snack,motorcycle,1,No,Metropolitian,27,night,15,21.1
791,35,4.9,Windy,Medium,0,Snack,motorcycle,2,No,Metropolitian,43,evening,15,27.9
792,32,4,Stormy,Jam,0,Drinks,motorcycle,1,No,Metropolitian,51,evening,5,28.4
793,23,4.9,Sandstorms,High,2,Buffet,scooter,1,No,Urban,13,afternoon,5,11.9
794,23,4.9,Sandstorms,Jam,2,Buffet,motorcycle,1,No,Metropolitian,19,evening,5,16.7
795,22,4.8,Sandstorms,Jam,0,Meal,motorcycle,1,No,Metropolitian,26,evening,15,13.4
796,30,4.7,Stormy,Low,2,Snack,electric_scooter,1,No,Metropolitian,28,morning,5,2.8
797,24,4.5,Fog,Jam,0,Snack,motorcycle,3,Yes,Metropolitian,49,night,5,16.7
798,38,4,Cloudy,Jam,2,Meal,scooter,1,No,Metropolitian,44,evening,10,21.9
799,27,4.6,Fog,Low,0,Snack,motorcycle,1,No,Metropolitian,19,night,10,7.7
800,22,4.7,Windy,Jam,2,Drinks,electric_scooter,1,No,Metropolitian,19,night,10,12.1
801,20,4.6,Windy,Jam,0,Drinks,motorcycle,1,No,Metropolitian,38,evening,10,22.2
802,30,4.9,Sandstorms,Jam,2,Buffet,motorcycle,1,No,Metropolitian,27,evening,5,31.9
803,23,4.1,Windy,Low,0,Drinks,motorcycle,0,No,Metropolitian,23,morning,15,4.4
804,38,4.2,Windy,Medium,1,Meal,motorcycle,1,No,Urban,31,afternoon,15,9.8
805,30,4.7,Windy,Medium,1,Meal,scooter,1,No,Metropolitian,30,evening,10,19.9
806,27,4.6,Sandstorms,High,0,Drinks,motorcycle,1,No,Metropolitian,15,afternoon,10,8.3
807,39,4,Cloudy,Jam,1,Buffet,motorcycle,3,No,Metropolitian,43,evening,15,27
808,24,4.1,Sandstorms,Low,0,Buffet,motorcycle,1,No,Metropolitian,26,morning,10,4.5
809,27,4.6,Stormy,Low,2,Drinks,scooter,1,No,Metropolitian,17,night,15,7
810,37,4.8,Windy,Medium,1,Drinks,scooter,0,No,Metropolitian,32,afternoon,5,17.2
811,22,3.1,Sunny,Low,1,Meal,scooter,1,No,Metropolitian,40,night,10,31.9
812,39,4,Stormy,High,2,Buffet,scooter,0,No,Metropolitian,34,morning,15,4.9
813,31,4.5,Cloudy,Medium,0,Drinks,motorcycle,1,Yes,Metropolitian,49,evening,15,33.5
814,27,4.4,Cloudy,Medium,1,Snack,scooter,1,No,Metropolitian,32,evening,10,28.4
815,39,4.1,Windy,Medium,2,Buffet,scooter,1,No,Metropolitian,31,evening,10,15.2
816,34,3.5,Stormy,Medium,2,Buffet,scooter,2,No,Metropolitian,37,evening,10,17.9
817,32,4.9,Sunny,Jam,0,Buffet,motorcycle,1,No,Metropolitian,25,evening,15,19.5
818,27,4.9,Windy,Medium,0,Drinks,motorcycle,1,No,Metropolitian,19,evening,5,15.2
819,22,4.7,Stormy,Medium,1,Drinks,scooter,1,No,Urban,28,evening,15,24
820,26,4.5,Sandstorms,Jam,1,Buffet,scooter,1,No,Metropolitian,26,evening,5,15.8
821,26,5,Stormy,Medium,1,Buffet,motorcycle,1,No,Metropolitian,21,evening,5,29.2
822,34,5,Windy,Medium,0,Buffet,motorcycle,1,No,Metropolitian,31,evening,15,24.6
823,22,4.5,Sandstorms,Medium,2,Meal,scooter,1,No,Metropolitian,15,evening,10,25.9
824,30,4.7,Sunny,Medium,2,Meal,scooter,1,No,Metropolitian,18,evening,15,19.9
825,27,5,Cloudy,High,1,Buffet,motorcycle,1,No,Metropolitian,33,afternoon,15,9.3
826,33,5,Stormy,Jam,1,Meal,motorcycle,0,No,Urban,28,night,15,23.8
827,31,4.1,Fog,Medium,1,Drinks,scooter,0,No,Metropolitian,37,evening,15,21.9
828,22,4.9,Windy,Medium,2,Snack,scooter,1,No,Metropolitian,24,evening,10,11.6
829,32,4.6,Sunny,Medium,0,Buffet,motorcycle,1,No,Metropolitian,29,evening,5,15.4
830,24,4.9,Windy,Jam,2,Snack,scooter,1,No,Metropolitian,20,night,5,27.7
831,27,4.9,Fog,Low,0,Drinks,motorcycle,0,No,Metropolitian,22,night,10,16.7
832,22,4.5,Sandstorms,Jam,2,Drinks,scooter,1,No,Metropolitian,19,night,15,16.3
833,26,4.8,Windy,Medium,0,Meal,motorcycle,0,No,Metropolitian,16,afternoon,15,11.7
834,38,4.9,Cloudy,Medium,1,Buffet,motorcycle,1,No,Urban,18,evening,10,12
835,24,4.7,Windy,Low,1,Buffet,motorcycle,0,No,Urban,16,night,15,11.7
836,31,4.7,Sandstorms,High,0,Drinks,motorcycle,1,No,Metropolitian,35,afternoon,15,12
837,22,4.2,Windy,Low,0,Snack,motorcycle,1,No,Metropolitian,22,morning,10,4.1
838,33,4.9,Fog,Low,1,Snack,motorcycle,1,No,Metropolitian,18,night,5,12.2
839,21,4.4,Stormy,Low,0,Meal,motorcycle,0,No,Metropolitian,19,night,5,10.4
840,20,4.3,Cloudy,Jam,1,Drinks,scooter,1,No,Metropolitian,35,night,15,22.9
841,30,4.7,Windy,High,1,Meal,motorcycle,1,No,Metropolitian,27,morning,15,5.8
842,38,4.4,Cloudy,Jam,2,Drinks,electric_scooter,1,No,Urban,41,evening,5,25.4
843,35,4.9,Cloudy,Medium,1,Buffet,motorcycle,1,No,Urban,42,evening,15,33.3
844,24,4.7,Cloudy,Medium,2,Meal,electric_scooter,1,No,Urban,16,evening,10,8.4
845,26,4.6,Fog,Low,2,Buffet,electric_scooter,0,No,Metropolitian,14,morning,5,4.4
846,32,3.8,Cloudy,Low,1,Meal,scooter,2,No,Metropolitian,35,night,10,15.6
847,36,4.6,Windy,Medium,1,Meal,motorcycle,1,No,Metropolitian,29,evening,10,13.2
848,39,4.9,Sandstorms,Medium,0,Snack,motorcycle,1,No,Metropolitian,34,evening,5,13.5
849,25,4.6,Sunny,Low,0,Buffet,motorcycle,0,No,Metropolitian,16,night,10,11.3
850,28,4.5,Stormy,Low,1,Meal,scooter,1,No,Urban,16,morning,5,4.6
851,24,4.6,Stormy,Low,1,Buffet,motorcycle,1,No,Urban,11,morning,15,5.7
852,25,4.8,Stormy,Medium,2,Buffet,scooter,1,No,Urban,25,evening,15,16.5
853,20,4.3,Stormy,Low,0,Snack,motorcycle,1,No,Urban,21,morning,10,3.2
854,36,4.8,Fog,Medium,0,Snack,motorcycle,1,No,Metropolitian,29,evening,10,14
855,21,4.6,Cloudy,Jam,0,Buffet,motorcycle,0,No,Metropolitian,43,evening,15,20.2
856,38,4.9,Sunny,High,2,Drinks,motorcycle,0,No,Metropolitian,17,morning,10,7.7
857,35,4.6,Fog,Medium,0,Buffet,motorcycle,1,No,Metropolitian,32,evening,5,6.6
858,39,4.6,Windy,Low,0,Buffet,motorcycle,1,No,Metropolitian,26,night,10,25.7
859,25,4.7,Windy,Medium,2,Meal,motorcycle,1,No,Metropolitian,15,evening,5,23.3
860,22,4.4,Sandstorms,Low,0,Meal,motorcycle,1,No,Metropolitian,16,morning,10,4.1
861,25,4.2,Sunny,High,0,Drinks,motorcycle,3,No,Metropolitian,43,afternoon,5,7.5
862,36,4.9,Sunny,High,1,Buffet,scooter,1,No,Urban,21,morning,10,2.4
863,27,4.8,Fog,Jam,0,Snack,motorcycle,1,No,Metropolitian,41,evening,10,18.8
864,34,4.8,Sandstorms,Jam,2,Snack,electric_scooter,1,No,Metropolitian,25,night,10,11.8
865,34,4.7,Fog,Jam,1,Drinks,scooter,2,No,Metropolitian,36,evening,15,29.9
866,29,4.5,Windy,Low,0,Snack,motorcycle,1,No,Metropolitian,19,night,5,8.3
867,37,4.5,Stormy,Medium,2,Drinks,scooter,1,No,Metropolitian,28,evening,5,30.6
868,27,4.8,Sandstorms,Jam,1,Meal,motorcycle,0,No,Metropolitian,29,evening,5,6.7
869,39,4.8,Windy,Low,1,Snack,scooter,1,No,Metropolitian,23,night,5,16.6
870,27,4.9,Stormy,High,1,Drinks,motorcycle,0,No,Metropolitian,13,afternoon,5,10.4
871,24,4.8,Stormy,Jam,1,Buffet,motorcycle,1,No,Metropolitian,28,evening,5,15.3
872,38,4.6,Cloudy,Medium,0,Meal,motorcycle,1,No,Metropolitian,27,evening,15,12.6
873,36,4.1,Stormy,Jam,0,Buffet,motorcycle,3,No,Metropolitian,51,night,5,20.8
874,26,4.6,Sunny,Medium,0,Drinks,motorcycle,1,No,Metropolitian,16,evening,15,17.3
875,36,4.8,Sunny,Jam,0,Snack,motorcycle,0,No,Metropolitian,28,evening,5,11.3
876,29,4.6,Windy,Jam,1,Snack,motorcycle,1,No,Metropolitian,20,evening,15,17.4
877,24,4.8,Stormy,Medium,2,Buffet,scooter,0,No,Metropolitian,15,evening,15,18
878,24,4.5,Stormy,Low,2,Meal,electric_scooter,0,No,Metropolitian,13,night,15,15.6
879,23,5,Sunny,Medium,0,Buffet,motorcycle,0,No,Metropolitian,20,evening,15,14.6
880,33,4.9,Windy,Jam,1,Drinks,scooter,0,No,Metropolitian,32,night,5,9.2
881,20,4.7,Cloudy,High,0,Meal,motorcycle,0,No,Metropolitian,27,morning,15,2.8
882,35,5,Cloudy,Low,1,Buffet,scooter,1,No,Metropolitian,17,morning,15,8.5
883,38,4.8,Stormy,Jam,0,Meal,motorcycle,1,No,Metropolitian,37,evening,5,13.6
884,21,5,Sunny,Medium,2,Snack,motorcycle,0,No,Urban,11,evening,15,12.8
885,36,4.8,Fog,Medium,2,Meal,scooter,0,No,Metropolitian,16,evening,15,6.9
886,37,4.8,Fog,High,1,Drinks,scooter,0,No,Metropolitian,28,afternoon,10,10
887,33,4.9,Sunny,Low,1,Meal,scooter,0,No,Metropolitian,26,night,10,28.5
888,20,5,Cloudy,High,2,Snack,scooter,1,No,Metropolitian,31,morning,15,6.3
889,39,4.7,Sunny,Jam,0,Drinks,motorcycle,1,No,Metropolitian,20,night,5,13.5
890,28,4.5,Cloudy,Jam,2,Buffet,motorcycle,0,No,Metropolitian,23,evening,10,15.8
891,29,4.5,Stormy,Low,2,Meal,electric_scooter,1,No,Metropolitian,16,morning,10,5.2
892,37,4.2,Sandstorms,Low,0,Snack,motorcycle,1,No,Metropolitian,23,night,10,10
893,29,5,Sandstorms,Low,2,Snack,motorcycle,0,No,Metropolitian,14,morning,15,3.8
894,32,4.6,Sunny,Medium,1,Snack,motorcycle,1,No,Urban,24,evening,15,23.4
895,31,4,Sandstorms,Jam,0,Meal,motorcycle,1,No,Urban,34,night,5,11.4
896,33,4.7,Cloudy,Low,1,Meal,motorcycle,0,No,Metropolitian,19,night,5,16.1
897,38,4.4,Cloudy,Low,0,Buffet,motorcycle,3,No,Metropolitian,44,night,5,15.7
898,33,4.6,Cloudy,Jam,1,Snack,scooter,1,No,Urban,38,evening,5,41.3
899,31,4.9,Fog,Low,0,Drinks,motorcycle,0,No,Metropolitian,24,morning,10,3.7
900,35,4.7,Fog,Medium,0,Snack,motorcycle,2,No,Urban,33,evening,5,11.8
901,24,4.9,Windy,Jam,2,Buffet,scooter,0,No,Metropolitian,28,evening,15,12.5
902,28,4.5,Sandstorms,Jam,0,Buffet,motorcycle,1,No,Metropolitian,25,evening,15,19.6
903,31,3.5,Fog,Low,2,Snack,scooter,1,No,Urban,31,night,15,32.1
904,33,4.7,Sunny,Jam,2,Snack,scooter,0,No,Urban,20,evening,15,17.3
905,34,4.5,Windy,Low,1,Meal,scooter,1,No,Metropolitian,22,morning,15,3
906,35,4.7,Sunny,Medium,2,Buffet,scooter,0,No,Metropolitian,24,evening,5,27.2
907,21,4.3,Fog,High,2,Meal,motorcycle,0,No,Metropolitian,33,afternoon,5,7.7
908,33,4.7,Sunny,Medium,2,Buffet,scooter,1,No,Urban,21,evening,10,22.4
909,24,4.8,Windy,Low,1,Snack,scooter,0,No,Metropolitian,14,morning,15,3.5
910,33,4.6,Fog,Low,1,Snack,scooter,1,No,Urban,18,morning,15,5.4
911,31,4.8,Windy,Low,0,Drinks,motorcycle,1,No,Urban,26,night,10,16.5
912,21,4.6,Fog,Low,1,Buffet,scooter,0,No,Metropolitian,11,morning,15,3.1
913,30,4.8,Windy,Low,1,Drinks,scooter,1,No,Metropolitian,27,morning,15,3.3
914,29,4.7,Sunny,Medium,1,Drinks,scooter,1,No,Urban,14,evening,10,10
915,20,4.4,Sandstorms,Jam,0,Drinks,motorcycle,1,No,Urban,34,night,15,17
916,28,4.6,Cloudy,Medium,1,Snack,motorcycle,0,No,Metropolitian,10,afternoon,5,12.8
917,26,4.5,Windy,Jam,1,Snack,scooter,1,No,Urban,19,night,5,14.6
918,25,4.8,Stormy,Jam,1,Snack,motorcycle,1,No,Urban,19,evening,10,7.5
919,39,5,Fog,Jam,2,Buffet,electric_scooter,1,No,Metropolitian,39,night,10,16.2
920,31,4.2,Windy,Low,0,Buffet,motorcycle,0,No,Urban,24,night,5,6.5
921,34,4.4,Fog,Low,1,Meal,motorcycle,1,No,Urban,35,night,10,22.2
922,26,4.5,Cloudy,High,2,Buffet,motorcycle,0,No,Metropolitian,22,afternoon,15,8.6
923,35,4.1,Fog,Medium,1,Snack,motorcycle,1,No,Metropolitian,38,evening,15,14.7
924,29,5,Cloudy,Low,2,Buffet,scooter,1,No,Urban,24,night,10,20.1
925,22,3.5,Sunny,Jam,0,Buffet,motorcycle,1,No,Urban,41,evening,10,5.8
926,35,4.9,Windy,Medium,1,Meal,scooter,1,No,Metropolitian,32,evening,15,14
927,27,4.8,Windy,Jam,0,Buffet,motorcycle,1,No,Metropolitian,35,evening,15,19.5
928,20,4.7,Windy,Jam,1,Drinks,scooter,1,No,Metropolitian,27,night,15,24.2
929,33,4.6,Sunny,Jam,2,Drinks,scooter,1,No,Urban,18,evening,5,11.8
930,39,4.9,Stormy,Jam,1,Meal,motorcycle,1,No,Metropolitian,27,evening,15,30.3
931,36,4.5,Sunny,Jam,2,Snack,scooter,1,No,Metropolitian,24,evening,5,6.4
932,27,4.7,Cloudy,Low,2,Buffet,motorcycle,0,No,Metropolitian,19,morning,15,2.9
933,35,4.8,Sunny,Jam,1,Meal,scooter,1,No,Metropolitian,23,night,5,11.6
934,27,4.5,Cloudy,Medium,2,Drinks,motorcycle,0,No,Metropolitian,29,evening,10,29.1
935,28,4.6,Windy,Low,2,Drinks,electric_scooter,1,No,Metropolitian,10,morning,5,8
936,24,4.8,Cloudy,Low,2,Snack,electric_scooter,1,No,Metropolitian,13,morning,5,6
937,30,5,Sunny,Jam,0,Meal,motorcycle,1,No,Urban,21,evening,10,7.5
938,38,4.7,Fog,High,1,Meal,scooter,2,Yes,Metropolitian,39,morning,10,2.4
939,31,4.7,Sunny,Medium,1,Buffet,scooter,1,No,Metropolitian,16,evening,15,27.4
940,28,4.9,Sandstorms,Low,1,Buffet,motorcycle,1,No,Metropolitian,15,morning,5,2.9
941,36,3.7,Windy,Medium,1,Drinks,scooter,0,No,Metropolitian,33,evening,5,17
942,31,4.9,Sandstorms,Low,2,Drinks,electric_scooter,0,No,Metropolitian,17,night,10,18.5
943,34,5,Stormy,Medium,0,Snack,motorcycle,1,No,Metropolitian,38,afternoon,10,7.5
944,36,4.8,Windy,Low,1,Snack,scooter,1,No,Metropolitian,25,night,15,27.9
945,32,4.6,Cloudy,Medium,1,Meal,scooter,0,No,Urban,16,evening,15,19.2
946,36,5,Windy,High,0,Buffet,motorcycle,1,Yes,Semi-Urban,49,afternoon,5,10.9
947,30,4.7,Cloudy,Low,2,Snack,scooter,1,No,Metropolitian,18,night,15,15.6
948,25,4.3,Stormy,Low,0,Buffet,motorcycle,0,No,Metropolitian,24,morning,5,3
949,38,4.7,Sandstorms,Jam,2,Meal,electric_scooter,1,No,Metropolitian,29,evening,15,14.5
950,33,4.9,Windy,Low,0,Buffet,motorcycle,1,No,Metropolitian,22,night,5,19.4
951,33,4.8,Fog,Jam,0,Drinks,motorcycle,1,No,Metropolitian,40,night,10,24.1
952,31,4.7,Windy,Low,2,Buffet,scooter,1,No,Urban,21,morning,15,5.2
953,37,4.6,Fog,Jam,0,Meal,motorcycle,1,Yes,Metropolitian,48,evening,5,24.5
954,38,4.6,Windy,Jam,0,Meal,motorcycle,1,No,Metropolitian,36,evening,15,22.9
955,29,4.7,Windy,High,1,Snack,scooter,1,No,Metropolitian,25,morning,5,4.4
956,28,4,Sandstorms,Jam,0,Meal,motorcycle,1,No,Metropolitian,34,night,15,21.7
957,36,4.9,Stormy,Jam,1,Buffet,scooter,0,No,Metropolitian,30,night,15,7.4
958,30,4.7,Fog,Medium,2,Snack,motorcycle,1,No,Metropolitian,15,evening,15,7.9
959,29,4.9,Cloudy,Medium,1,Buffet,scooter,1,No,Urban,30,evening,15,17.3
960,39,3.6,Cloudy,Low,2,Snack,motorcycle,0,No,Metropolitian,35,night,10,25.9
961,32,4.7,Sunny,Medium,2,Buffet,motorcycle,0,No,Metropolitian,20,evening,15,8.8
962,30,4.6,Sunny,Medium,1,Meal,scooter,0,No,Metropolitian,17,evening,15,25.6
963,30,4.6,Windy,Low,2,Drinks,scooter,1,No,Metropolitian,22,morning,10,4.7
964,21,4.8,Fog,Jam,0,Drinks,motorcycle,0,No,Metropolitian,27,evening,15,13.5
965,38,4.6,Cloudy,High,0,Snack,motorcycle,1,No,Metropolitian,28,afternoon,5,10.6
966,30,4.6,Sunny,Low,1,Snack,motorcycle,1,No,Metropolitian,19,night,5,19.4
967,21,4.7,Windy,Low,0,Snack,motorcycle,1,No,Metropolitian,24,night,5,18.3
968,23,4.5,Fog,High,0,Drinks,motorcycle,0,No,Metropolitian,22,morning,10,5.2
969,37,4.8,Fog,Jam,0,Buffet,motorcycle,1,No,Metropolitian,40,night,10,14.9
970,28,4.8,Fog,Low,0,Buffet,motorcycle,0,No,Metropolitian,15,morning,5,6.3
971,27,4.4,Fog,Jam,1,Drinks,scooter,1,No,Metropolitian,35,evening,5,17.3
972,20,4.2,Stormy,Low,0,Snack,motorcycle,1,No,Metropolitian,29,morning,15,6.6
973,33,4.5,Cloudy,Jam,0,Meal,motorcycle,1,No,Metropolitian,28,evening,10,14.3
974,31,4.6,Sunny,Medium,2,Drinks,scooter,1,No,Urban,26,evening,10,23
975,22,4.1,Cloudy,Jam,1,Meal,motorcycle,1,No,Metropolitian,34,night,15,25.6
976,28,4.5,Cloudy,Jam,2,Snack,motorcycle,1,No,Metropolitian,30,evening,15,10.1
977,26,4.1,Stormy,Low,0,Meal,motorcycle,0,No,Metropolitian,16,night,15,12.9
978,33,4.9,Sunny,Low,1,Buffet,scooter,0,No,Metropolitian,12,morning,15,3
979,38,3.8,Stormy,Jam,1,Snack,motorcycle,2,No,Metropolitian,41,night,15,27.6
980,25,4.4,Stormy,Jam,0,Meal,motorcycle,1,No,Metropolitian,33,evening,5,20.5
981,32,4.4,Stormy,Jam,1,Snack,scooter,2,No,Metropolitian,40,evening,10,27.1
982,29,4.9,Sunny,Low,1,Snack,scooter,1,No,Urban,15,morning,5,5.1
983,22,4.8,Cloudy,Medium,1,Drinks,motorcycle,1,No,Urban,19,evening,5,7
984,20,4.5,Cloudy,Medium,0,Snack,motorcycle,1,No,Metropolitian,23,afternoon,5,11.4
985,31,4.6,Cloudy,Low,1,Buffet,motorcycle,1,No,Urban,19,morning,5,3.2
986,30,4.9,Fog,Low,1,Buffet,scooter,0,No,Urban,16,morning,5,5.8
987,36,4.2,Cloudy,Jam,1,Meal,scooter,1,No,Metropolitian,32,evening,10,24.1
988,32,4.7,Fog,Medium,0,Drinks,motorcycle,1,No,Metropolitian,25,evening,10,8.2
989,39,4.6,Fog,Medium,1,Drinks,scooter,1,No,Metropolitian,33,evening,10,26.4
990,31,4.3,Cloudy,Jam,1,Snack,motorcycle,0,No,Urban,35,evening,10,17.9
991,28,4.3,Sunny,Jam,0,Meal,motorcycle,3,No,Semi-Urban,50,evening,5,9.9
992,28,4.8,Cloudy,Medium,0,Snack,motorcycle,0,No,Urban,21,afternoon,5,10.7
993,29,4.6,Fog,Medium,2,Drinks,scooter,1,No,Urban,15,evening,10,14.2
994,22,4.4,Sandstorms,Jam,0,Meal,motorcycle,1,Yes,Metropolitian,39,evening,10,23.5
995,27,4.7,Cloudy,Jam,2,Meal,electric_scooter,2,No,Urban,40,evening,15,22.3
996,21,4.3,Sunny,Jam,0,Meal,motorcycle,1,No,Metropolitian,33,evening,10,15.9
997,20,4.8,Fog,Medium,1,Snack,scooter,0,No,Metropolitian,33,evening,5,47.4
998,25,4.7,Sunny,Jam,2,Meal,scooter,0,No,Metropolitian,12,evening,10,27.6
999,33,4.7,Sandstorms,Medium,0,Snack,motorcycle,1,No,Metropolitian,33,evening,15,6
1000,37,4.6,Sunny,Jam,0,Buffet,motorcycle,1,No,Metropolitian,24,evening,15,8.4
1001,21,4.7,Sandstorms,Medium,2,Meal,motorcycle,1,No,Urban,22,evening,10,20.6
1002,27,4.8,Sandstorms,Medium,2,Snack,electric_scooter,0,No,Metropolitian,21,afternoon,10,9.2
1003,26,4.9,Windy,Low,1,Meal,scooter,1,No,Metropolitian,16,night,15,7.2
1004,22,4.7,Fog,Low,0,Drinks,motorcycle,1,No,Metropolitian,17,morning,5,4.4
1005,26,4.6,Windy,Low,2,Buffet,scooter,0,No,Metropolitian,17,night,10,18.9
1006,31,5,Fog,Jam,0,Drinks,motorcycle,1,No,Metropolitian,27,evening,5,9.1
1007,25,5,Sandstorms,Medium,2,Snack,scooter,1,No,Metropolitian,18,evening,10,24.2
1008,22,4.9,Fog,Low,1,Snack,motorcycle,0,No,Metropolitian,14,morning,15,5.4
1009,33,4.8,Cloudy,Jam,0,Meal,motorcycle,2,Yes,Metropolitian,48,night,10,23.4
1010,34,5,Sunny,Low,1,Meal,scooter,0,No,Urban,18,morning,10,3.7
1011,36,4.8,Sandstorms,Low,1,Meal,motorcycle,1,No,Metropolitian,22,night,15,22
1012,27,4.8,Windy,Jam,2,Meal,scooter,1,No,Metropolitian,19,evening,15,9.1
1013,22,5,Sandstorms,Jam,1,Meal,scooter,0,No,Metropolitian,29,evening,5,16.3
1014,34,5,Windy,High,0,Buffet,motorcycle,1,No,Urban,37,morning,5,3.8
1015,27,5,Fog,Jam,2,Meal,motorcycle,1,No,Metropolitian,37,night,5,14.9
1016,29,4.9,Sandstorms,Low,0,Drinks,motorcycle,1,No,Metropolitian,19,night,15,17.9
1017,38,4,Stormy,Jam,0,Drinks,motorcycle,0,Yes,Metropolitian,46,evening,10,8.6
1018,25,4.9,Sandstorms,High,2,Drinks,scooter,1,No,Metropolitian,19,afternoon,15,5.2
1019,32,4.9,Stormy,High,0,Meal,motorcycle,1,No,Metropolitian,47,afternoon,15,4.6
1020,27,4.6,Fog,Low,2,Drinks,scooter,0,No,Metropolitian,11,morning,10,3.9
1021,30,4.5,Fog,Jam,0,Snack,motorcycle,0,No,Metropolitian,47,evening,10,31.9
1022,32,4.7,Sunny,Jam,2,Snack,scooter,1,No,Urban,16,night,15,16.7
1023,31,4.8,Cloudy,Jam,0,Buffet,motorcycle,2,No,Metropolitian,33,night,15,6.3
1024,28,4.8,Sandstorms,Low,2,Snack,electric_scooter,1,No,Metropolitian,17,night,10,9.1
1025,32,4.7,Sandstorms,Low,2,Buffet,scooter,0,No,Metropolitian,15,night,5,16.1
1026,30,4.3,Fog,Medium,2,Snack,scooter,1,No,Urban,42,evening,15,22.8
1027,34,4.7,Sunny,Jam,0,Snack,motorcycle,1,No,Metropolitian,29,night,10,8.1
1028,25,4.8,Stormy,Low,1,Meal,motorcycle,1,No,Metropolitian,11,night,15,8.5
1029,25,4.6,Cloudy,Low,1,Meal,scooter,1,No,Urban,24,night,5,19.4
1030,36,4.9,Stormy,Jam,1,Snack,motorcycle,0,No,Metropolitian,26,evening,5,11.4
1031,33,4.8,Fog,Jam,0,Drinks,motorcycle,3,No,Metropolitian,46,evening,5,14.7
1032,24,4.8,Sandstorms,Medium,0,Snack,motorcycle,1,No,Metropolitian,20,evening,5,15.7
1033,21,5,Sandstorms,Medium,2,Buffet,scooter,1,No,Metropolitian,23,evening,10,36.6
1034,23,4.8,Sunny,High,1,Buffet,motorcycle,1,No,Metropolitian,15,afternoon,10,6.3
1035,38,4.8,Sunny,Jam,0,Buffet,motorcycle,1,No,Metropolitian,35,evening,15,44.3
1036,25,4.9,Stormy,Jam,1,Buffet,scooter,1,No,Metropolitian,28,evening,5,6.6
1037,28,4.6,Windy,Low,2,Snack,scooter,0,No,Urban,16,morning,15,2.9
1038,29,4.7,Sunny,Jam,1,Buffet,motorcycle,1,No,Metropolitian,20,night,5,22.7
1039,24,4.6,Cloudy,Medium,0,Snack,motorcycle,1,No,Metropolitian,24,evening,15,10.7
1040,29,4.6,Sunny,Jam,1,Drinks,scooter,0,No,Urban,12,night,5,20.5
1041,34,4.9,Cloudy,Medium,1,Meal,scooter,0,No,Metropolitian,15,afternoon,5,10.2
1042,30,4.5,Sunny,Low,1,Snack,scooter,1,No,Urban,16,night,5,21.6
1043,32,4.9,Cloudy,Medium,0,Snack,motorcycle,3,No,Metropolitian,49,evening,10,15.9
1044,33,3.6,Windy,Jam,1,Drinks,motorcycle,1,No,Metropolitian,34,evening,5,20.1
1045,28,4.8,Sunny,Low,2,Meal,electric_scooter,1,No,Metropolitian,23,morning,15,5.8
1046,32,4.9,Fog,Medium,2,Drinks,scooter,1,No,Metropolitian,38,evening,5,26.1
1047,29,4.8,Cloudy,Jam,1,Snack,motorcycle,1,No,Urban,27,evening,5,15.9
1048,23,4.5,Stormy,Low,1,Snack,motorcycle,0,No,Metropolitian,17,night,5,30.5
1049,22,4.2,Stormy,Low,0,Drinks,motorcycle,1,No,Urban,21,night,5,7.3
1050,31,4.7,Stormy,Low,0,Meal,motorcycle,1,No,Metropolitian,20,night,15,41.7
1051,37,4.4,Fog,Medium,2,Drinks,electric_scooter,0,No,Urban,32,evening,5,15.8
1052,34,4.6,Cloudy,Jam,2,Buffet,motorcycle,1,No,Metropolitian,38,evening,10,15.8
1053,26,4.9,Stormy,Low,1,Drinks,scooter,0,No,Metropolitian,11,morning,10,5
1054,31,4.7,Sunny,Jam,1,Buffet,scooter,0,No,Metropolitian,17,evening,10,11.2
1055,22,4.2,Sandstorms,Low,0,Snack,motorcycle,0,No,Metropolitian,19,morning,15,3.7
1056,37,4.9,Cloudy,Jam,2,Drinks,scooter,1,No,Metropolitian,27,night,10,18.9
1057,32,4.8,Sunny,Low,0,Drinks,motorcycle,1,No,Metropolitian,27,night,5,10.4
1058,26,4.7,Cloudy,Jam,2,Snack,motorcycle,0,No,Metropolitian,33,night,5,11.3
1059,26,4.7,Sunny,Jam,0,Meal,motorcycle,1,No,Metropolitian,30,evening,15,28.9
1060,21,4.8,Cloudy,Jam,2,Snack,motorcycle,1,No,Metropolitian,43,night,15,30.2
1061,24,4.6,Fog,High,2,Meal,scooter,1,No,Metropolitian,34,afternoon,10,8.5
1062,33,4.1,Sandstorms,Medium,0,Drinks,motorcycle,1,No,Metropolitian,35,evening,15,7.6
1063,25,4.9,Sandstorms,High,2,Buffet,motorcycle,0,No,Metropolitian,19,afternoon,5,8.8
1064,36,5,Fog,Jam,2,Drinks,motorcycle,1,No,Metropolitian,44,night,5,22.3
1065,21,4.6,Sunny,Medium,0,Buffet,motorcycle,0,No,Urban,19,afternoon,10,7.1
1066,25,4.7,Windy,Low,2,Snack,scooter,0,No,Metropolitian,14,night,15,9.2
1067,36,4.9,Cloudy,High,2,Drinks,scooter,1,No,Urban,36,morning,10,2.3
1068,30,4.8,Cloudy,Medium,0,Meal,motorcycle,1,Yes,Urban,43,evening,15,29.5
1069,30,4.7,Sunny,High,0,Snack,motorcycle,0,No,Metropolitian,20,morning,5,5.7
1070,33,3.9,Cloudy,Low,1,Snack,motorcycle,1,No,Urban,32,night,15,21.9
1071,31,4.7,Cloudy,Medium,2,Meal,scooter,2,No,Metropolitian,37,evening,10,37.4
1072,23,4.9,Sandstorms,Jam,0,Snack,motorcycle,1,No,Metropolitian,15,evening,10,9.4
1073,30,5,Sandstorms,Jam,1,Buffet,scooter,1,No,Metropolitian,30,evening,10,16.1
1074,36,4.6,Windy,High,1,Drinks,scooter,1,No,Metropolitian,25,afternoon,5,7.5
1075,38,4.9,Sunny,Low,2,Meal,scooter,1,No,Metropolitian,15,morning,15,2.1
1076,39,4.6,Fog,Jam,0,Meal,motorcycle,1,No,Metropolitian,43,night,15,15
1077,21,4.6,Stormy,Jam,1,Drinks,scooter,1,No,Metropolitian,24,evening,10,15.1
1078,32,4.8,Sunny,Low,1,Drinks,scooter,0,No,Metropolitian,19,morning,5,3
1079,26,4.7,Windy,Medium,2,Snack,motorcycle,1,No,Urban,21,evening,10,7.3
1080,31,4.8,Sunny,Jam,0,Buffet,motorcycle,1,No,Metropolitian,34,evening,5,28.9
1081,33,4.8,Stormy,Low,1,Buffet,motorcycle,0,No,Urban,15,night,15,17.5
1082,30,4.8,Sunny,Jam,0,Drinks,motorcycle,1,No,Metropolitian,33,evening,10,19.8
1083,29,4.6,Cloudy,Low,0,Drinks,motorcycle,0,No,Metropolitian,15,morning,5,3.4
1084,32,4.9,Fog,Low,0,Buffet,motorcycle,1,No,Metropolitian,24,morning,15,4.4
1085,28,4.7,Sandstorms,Medium,2,Buffet,scooter,1,No,Metropolitian,23,evening,5,27.6
1086,20,4.5,Cloudy,Low,1,Meal,motorcycle,1,No,Metropolitian,20,night,5,18
1087,27,4.5,Stormy,Jam,2,Drinks,electric_scooter,1,No,Metropolitian,29,night,5,14.9
1088,30,5,Sandstorms,Low,0,Meal,motorcycle,1,No,Metropolitian,29,night,5,19.1
1089,27,5,Sandstorms,Low,1,Meal,scooter,1,No,Metropolitian,16,morning,5,8.1
1090,33,4.6,Cloudy,Jam,0,Drinks,motorcycle,2,No,Metropolitian,52,night,15,27.2
1091,32,4.4,Sandstorms,Jam,1,Meal,scooter,0,No,Metropolitian,33,evening,15,8.8
1092,38,4.7,Windy,Jam,1,Meal,motorcycle,1,No,Metropolitian,33,night,5,13.4
1093,34,4.8,Sunny,Jam,0,Drinks,motorcycle,1,No,Metropolitian,29,night,5,10.8
1094,28,4.9,Sunny,Jam,1,Meal,motorcycle,1,No,Metropolitian,13,evening,10,24.2
1095,31,4.8,Sunny,High,0,Meal,motorcycle,1,No,Metropolitian,29,afternoon,10,9.4
1096,34,4.8,Sandstorms,Low,2,Drinks,motorcycle,1,No,Metropolitian,21,morning,10,3.7
1097,31,4.6,Windy,Medium,2,Snack,motorcycle,1,No,Urban,26,afternoon,5,19.2
1098,33,4.5,Sandstorms,Medium,1,Snack,scooter,1,No,Metropolitian,26,afternoon,10,10
1099,23,4.9,Fog,High,1,Drinks,scooter,1,No,Metropolitian,25,afternoon,10,8.4
1100,30,4.3,Fog,Jam,2,Meal,motorcycle,1,No,Urban,43,night,15,32.2
1101,32,3.9,Windy,Jam,2,Drinks,motorcycle,1,No,Metropolitian,40,night,10,30.9
1102,27,4.7,Sandstorms,Jam,0,Drinks,motorcycle,1,No,Metropolitian,27,evening,10,21.3
1103,21,4.1,Fog,Medium,2,Drinks,scooter,2,No,Metropolitian,32,evening,15,21.4
1104,31,5,Cloudy,Jam,1,Snack,motorcycle,1,No,Metropolitian,25,evening,15,6.2
1105,32,4,Sandstorms,Medium,0,Snack,motorcycle,1,No,Metropolitian,32,evening,15,11.4
1106,20,4.6,Stormy,Jam,0,Snack,motorcycle,1,No,Metropolitian,39,evening,15,18.6
1107,38,4.7,Sandstorms,High,2,Buffet,motorcycle,1,No,Metropolitian,29,afternoon,10,9.3
1108,25,4.2,Sandstorms,Low,0,Snack,motorcycle,0,No,Metropolitian,25,morning,5,4.9
1109,35,4.5,Stormy,Medium,1,Buffet,scooter,0,No,Metropolitian,28,evening,15,18.3
1110,20,4.3,Fog,Jam,2,Buffet,scooter,1,No,Metropolitian,34,night,5,27.7
1111,27,4.7,Windy,Low,1,Drinks,scooter,1,No,Urban,17,night,15,22.9
1112,26,4.9,Stormy,Jam,1,Snack,scooter,1,No,Urban,28,night,5,15.9
1113,25,4.9,Sandstorms,Jam,1,Meal,scooter,1,No,Metropolitian,18,evening,10,7.2
1114,31,4.7,Sunny,Jam,1,Meal,motorcycle,1,No,Metropolitian,29,evening,5,29.1
1115,39,5,Sunny,Medium,2,Meal,motorcycle,1,No,Metropolitian,15,evening,10,13.5
1116,37,3.9,Sandstorms,Jam,2,Drinks,motorcycle,1,No,Urban,41,night,5,24.7
1117,25,4.8,Windy,Low,0,Snack,motorcycle,0,No,Metropolitian,17,night,15,15.7
1118,35,4.3,Sandstorms,High,1,Buffet,scooter,1,No,Metropolitian,33,morning,5,3
1119,30,4.8,Sunny,Jam,2,Buffet,scooter,1,No,Urban,26,evening,10,29.4
1120,20,4.7,Sunny,High,1,Meal,scooter,0,No,Metropolitian,19,morning,5,5.2
1121,29,4.9,Stormy,Low,0,Meal,motorcycle,1,No,Metropolitian,15,night,10,22.9
1122,32,3.7,Sunny,Jam,1,Buffet,scooter,0,No,Metropolitian,31,evening,10,18.1
1123,20,4.5,Sunny,Medium,2,Drinks,motorcycle,0,No,Urban,11,evening,5,20.5
1124,33,3.8,Cloudy,Low,1,Buffet,scooter,1,No,Metropolitian,36,night,10,47.5
1125,37,4.5,Cloudy,Low,0,Buffet,motorcycle,1,No,Metropolitian,29,morning,10,2.3
1126,36,4,Sandstorms,Medium,1,Meal,motorcycle,1,No,Metropolitian,33,afternoon,10,9.3
1127,22,4.6,Stormy,Jam,1,Drinks,motorcycle,0,No,Urban,22,evening,10,23.7
1128,38,4.7,Windy,High,0,Buffet,motorcycle,1,No,Metropolitian,37,morning,10,5.7
1129,28,4.8,Sunny,Medium,1,Buffet,scooter,1,No,Metropolitian,11,evening,15,6.6
1130,39,4.7,Fog,High,1,Snack,motorcycle,0,No,Metropolitian,39,afternoon,15,7.9
1131,36,4.7,Windy,Jam,2,Drinks,scooter,1,No,Metropolitian,28,night,10,29.6
1132,31,4.4,Cloudy,Medium,1,Snack,scooter,1,Yes,Metropolitian,44,evening,5,20.7
1133,26,4.4,Sunny,High,0,Buffet,motorcycle,1,No,Metropolitian,40,afternoon,5,8.9
1134,34,4.7,Sunny,Medium,0,Snack,motorcycle,1,No,Metropolitian,21,evening,15,11
1135,25,4,Stormy,Jam,0,Snack,motorcycle,2,No,Urban,38,night,5,23.2
1136,32,4.6,Fog,Medium,2,Snack,motorcycle,1,No,Urban,17,afternoon,10,8.1
1137,38,4.6,Cloudy,Low,1,Snack,scooter,1,No,Urban,19,night,10,14.1
1138,38,4.8,Sunny,Low,0,Buffet,motorcycle,1,No,Metropolitian,23,night,15,6.8
1139,28,4.8,Sunny,Medium,0,Meal,motorcycle,0,No,Metropolitian,23,evening,5,18.3
1140,22,4.6,Cloudy,Low,1,Meal,motorcycle,0,No,Metropolitian,19,morning,15,1.9
1141,36,4.1,Fog,High,1,Drinks,motorcycle,1,No,Metropolitian,38,afternoon,5,9.1
1142,34,4.2,Stormy,Jam,2,Meal,scooter,1,No,Metropolitian,42,evening,15,23.9
1143,26,4.5,Cloudy,Low,1,Buffet,scooter,0,No,Urban,11,morning,15,2.5
1144,31,4.7,Windy,Jam,2,Snack,motorcycle,1,No,Urban,28,night,10,38.5
1145,38,4.8,Sunny,Jam,1,Drinks,motorcycle,0,No,Metropolitian,16,night,5,21.7
1146,24,4.9,Fog,Jam,0,Drinks,motorcycle,1,No,Urban,20,evening,5,10.4
1147,30,4.6,Sunny,Medium,1,Meal,motorcycle,1,No,Metropolitian,15,afternoon,10,7.9
1148,23,4.8,Fog,Medium,2,Meal,motorcycle,1,No,Metropolitian,38,evening,5,24.7
1149,23,4.7,Stormy,Low,1,Drinks,scooter,0,No,Urban,15,night,15,23.3
1150,37,4.3,Stormy,Jam,1,Drinks,motorcycle,1,No,Urban,42,evening,10,23.5
1151,34,5,Sunny,Jam,0,Snack,motorcycle,1,Yes,Metropolitian,40,night,10,28.9
1152,38,4.8,Stormy,Low,0,Meal,motorcycle,0,No,Urban,29,night,10,17.9
1153,36,3.6,Fog,Low,2,Drinks,scooter,1,No,Metropolitian,38,night,15,25.5
1154,24,4.9,Sandstorms,High,0,Drinks,motorcycle,1,No,Metropolitian,21,morning,10,4.7
1155,39,4.3,Sandstorms,Jam,1,Drinks,motorcycle,1,No,Metropolitian,36,evening,10,17.5
1156,38,4.8,Sunny,Jam,1,Buffet,motorcycle,1,No,Urban,17,evening,15,7.3
1157,34,3.8,Windy,Jam,1,Snack,motorcycle,2,No,Metropolitian,38,evening,5,20.1
1158,38,4.6,Fog,Jam,0,Meal,motorcycle,2,No,Metropolitian,49,evening,10,21.6
1159,28,5,Stormy,Low,1,Snack,motorcycle,1,No,Urban,17,night,15,23.2
1160,23,4.6,Fog,Medium,2,Snack,motorcycle,0,No,Metropolitian,37,evening,15,17.9
1161,21,4.5,Sunny,High,0,Snack,motorcycle,2,Yes,Metropolitian,52,afternoon,15,8.5
1162,28,4.6,Sunny,Low,0,Snack,motorcycle,0,No,Metropolitian,22,night,5,17.1
1163,32,4.5,Stormy,Jam,1,Buffet,motorcycle,0,No,Urban,28,evening,5,7.4
1164,34,4.7,Sunny,Medium,1,Drinks,scooter,1,No,Metropolitian,21,evening,5,10.6
1165,26,4.7,Sandstorms,Medium,2,Drinks,electric_scooter,0,No,Metropolitian,20,evening,5,9.4
1166,38,4.9,Sunny,Medium,2,Buffet,electric_scooter,1,No,Metropolitian,25,evening,15,17.2
1167,36,4.9,Windy,Low,0,Buffet,motorcycle,1,No,Metropolitian,29,night,15,28.4
1168,28,4.8,Sandstorms,Jam,1,Buffet,scooter,1,No,Urban,22,evening,10,23.8
1169,27,4.9,Sandstorms,Low,0,Buffet,motorcycle,0,No,Urban,20,night,5,29.2
1170,25,4.6,Sandstorms,Jam,1,Drinks,motorcycle,1,No,Urban,25,evening,15,23
1171,37,4.9,Sandstorms,Jam,1,Buffet,motorcycle,1,No,Urban,27,evening,5,33.4
1172,24,5,Windy,Low,2,Meal,scooter,0,No,Metropolitian,12,morning,10,6.3
1173,22,4.8,Sunny,Jam,2,Buffet,scooter,1,No,Metropolitian,13,evening,5,15.9
1174,29,4.8,Fog,Jam,2,Buffet,electric_scooter,0,No,Metropolitian,25,night,5,17
1175,22,4.3,Sunny,Jam,0,Snack,motorcycle,1,No,Urban,42,night,5,8.1
1176,37,4.9,Windy,Jam,1,Snack,scooter,0,No,Urban,29,evening,15,31.2
1177,33,4.8,Stormy,High,0,Drinks,motorcycle,1,Yes,Metropolitian,46,morning,10,3.4
1178,25,4.6,Fog,Medium,0,Drinks,motorcycle,1,No,Metropolitian,29,evening,15,10.5
